[2017-04-18 21:09:13,067] Making new env: FrozenLake-v0
accuracy, i_max_iter, i_k
0.452, 10, 10
0.433, 10, 10
0.452, 10, 10
0.431, 10, 10
0.46, 10, 10
0.449, 10, 10
0.459, 10, 10
0.44, 10, 10
0.444, 10, 10
0.441, 10, 10
0.723, 10, 100
0.754, 10, 100
0.741, 10, 100
0.729, 10, 100
0.719, 10, 100
0.724, 10, 100
0.73, 10, 100
0.744, 10, 100
0.738, 10, 100
0.735, 10, 100
0.757, 10, 1000
0.743, 10, 1000
0.75, 10, 1000
0.742, 10, 1000
0.73, 10, 1000
0.748, 10, 1000
0.721, 10, 1000
0.741, 10, 1000
0.751, 10, 1000
0.763, 10, 1000
0.737, 10, 10000
0.751, 10, 10000
0.75, 10, 10000
0.745, 10, 10000
0.747, 10, 10000
0.738, 10, 10000
0.739, 10, 10000
0.754, 10, 10000
0.751, 10, 10000
0.739, 10, 10000
0.74, 10, 100000
0.766, 10, 100000
0.727, 10, 100000
0.729, 10, 100000
0.743, 10, 100000
0.753, 10, 100000
0.744, 10, 100000
0.758, 10, 100000
0.733, 10, 100000
0.751, 10, 100000
0.737, 10, 1000000
0.731, 10, 1000000
0.764, 10, 1000000
0.75, 10, 1000000
0.735, 10, 1000000
0.739, 10, 1000000
0.734, 10, 1000000
0.735, 10, 1000000
0.744, 10, 1000000
0.743, 10, 1000000
0.767, 10, 10000000
0.726, 10, 10000000
0.739, 10, 10000000
0.732, 10, 10000000
0.72, 10, 10000000
0.757, 10, 10000000
0.756, 10, 10000000
0.74, 10, 10000000
0.734, 10, 10000000
0.73, 10, 10000000
0.425, 10, 10
0.476, 10, 10
0.431, 10, 10
0.455, 10, 10
0.451, 10, 10
0.438, 10, 10
0.455, 10, 10
0.453, 10, 10
0.455, 10, 10
0.444, 10, 10
0.709, 10, 100
0.753, 10, 100
0.743, 10, 100
0.721, 10, 100
0.736, 10, 100
0.74, 10, 100
0.722, 10, 100
0.738, 10, 100
0.751, 10, 100
0.76, 10, 100
0.723, 10, 1000
0.763, 10, 1000
0.72, 10, 1000
0.765, 10, 1000
0.733, 10, 1000
0.713, 10, 1000
0.736, 10, 1000
0.72, 10, 1000
0.737, 10, 1000
0.729, 10, 1000
0.742, 10, 10000
0.737, 10, 10000
0.763, 10, 10000
0.739, 10, 10000
0.742, 10, 10000
0.749, 10, 10000
0.752, 10, 10000
0.732, 10, 10000
0.735, 10, 10000
0.758, 10, 10000
0.735, 10, 100000
0.724, 10, 100000
0.754, 10, 100000
0.754, 10, 100000
0.721, 10, 100000
0.758, 10, 100000
0.747, 10, 100000
0.737, 10, 100000
0.739, 10, 100000
0.761, 10, 100000
0.746, 10, 1000000
0.744, 10, 1000000
0.735, 10, 1000000
0.735, 10, 1000000
0.737, 10, 1000000
0.742, 10, 1000000
0.742, 10, 1000000
0.731, 10, 1000000
0.725, 10, 1000000
0.748, 10, 1000000
0.731, 10, 10000000
0.742, 10, 10000000
0.745, 10, 10000000
0.742, 10, 10000000
0.741, 10, 10000000
0.741, 10, 10000000
0.743, 10, 10000000
0.754, 10, 10000000
0.74, 10, 10000000
0.746, 10, 10000000
0.434, 10, 10
0.433, 10, 10
0.466, 10, 10
0.46, 10, 10
0.451, 10, 10
0.442, 10, 10
0.399, 10, 10
0.454, 10, 10
0.442, 10, 10
0.483, 10, 10
0.73, 10, 100
0.757, 10, 100
0.717, 10, 100
0.738, 10, 100
0.743, 10, 100
0.729, 10, 100
0.74, 10, 100
0.74, 10, 100
0.74, 10, 100
0.742, 10, 100
0.74, 10, 1000
0.746, 10, 1000
0.728, 10, 1000
0.736, 10, 1000
0.717, 10, 1000
0.731, 10, 1000
0.745, 10, 1000
0.736, 10, 1000
0.731, 10, 1000
0.766, 10, 1000
0.719, 10, 10000
0.729, 10, 10000
0.739, 10, 10000
0.715, 10, 10000
0.737, 10, 10000
0.747, 10, 10000
0.761, 10, 10000
0.724, 10, 10000
0.75, 10, 10000
0.73, 10, 10000
0.76, 10, 100000
0.741, 10, 100000
0.738, 10, 100000
0.75, 10, 100000
0.731, 10, 100000
0.724, 10, 100000
0.719, 10, 100000
0.739, 10, 100000
0.734, 10, 100000
0.718, 10, 100000
0.77, 10, 1000000
0.721, 10, 1000000
0.747, 10, 1000000
0.744, 10, 1000000
0.741, 10, 1000000
0.729, 10, 1000000
0.747, 10, 1000000
0.729, 10, 1000000
0.743, 10, 1000000
0.751, 10, 1000000
0.731, 10, 10000000
0.754, 10, 10000000
0.744, 10, 10000000
0.72, 10, 10000000
0.757, 10, 10000000
0.763, 10, 10000000
0.766, 10, 10000000
0.723, 10, 10000000
0.728, 10, 10000000
0.725, 10, 10000000
0.429, 10, 10
0.456, 10, 10
0.439, 10, 10
0.446, 10, 10
0.446, 10, 10
0.461, 10, 10
0.468, 10, 10
0.439, 10, 10
0.446, 10, 10
0.443, 10, 10
0.748, 10, 100
0.762, 10, 100
0.712, 10, 100
0.738, 10, 100
0.736, 10, 100
0.721, 10, 100
0.766, 10, 100
0.755, 10, 100
0.745, 10, 100
0.76, 10, 100
0.736, 10, 1000
0.706, 10, 1000
0.715, 10, 1000
0.74, 10, 1000
0.776, 10, 1000
0.752, 10, 1000
0.761, 10, 1000
0.763, 10, 1000
0.748, 10, 1000
0.735, 10, 1000
0.758, 10, 10000
0.734, 10, 10000
0.731, 10, 10000
0.756, 10, 10000
0.748, 10, 10000
0.727, 10, 10000
0.737, 10, 10000
0.735, 10, 10000
0.762, 10, 10000
0.748, 10, 10000
0.728, 10, 100000
0.735, 10, 100000
0.724, 10, 100000
0.756, 10, 100000
0.76, 10, 100000
0.71, 10, 100000
0.747, 10, 100000
0.734, 10, 100000
0.739, 10, 100000
0.763, 10, 100000
0.747, 10, 1000000
0.733, 10, 1000000
0.733, 10, 1000000
0.716, 10, 1000000
0.746, 10, 1000000
0.743, 10, 1000000
0.723, 10, 1000000
0.726, 10, 1000000
0.723, 10, 1000000
0.741, 10, 1000000
0.751, 10, 10000000
0.737, 10, 10000000
0.748, 10, 10000000
0.745, 10, 10000000
0.742, 10, 10000000
0.738, 10, 10000000
0.723, 10, 10000000
0.745, 10, 10000000
0.76, 10, 10000000
0.74, 10, 10000000
0.442, 10, 10
0.431, 10, 10
0.424, 10, 10
0.459, 10, 10
0.447, 10, 10
0.477, 10, 10
0.448, 10, 10
0.43, 10, 10
0.455, 10, 10
0.447, 10, 10
0.749, 10, 100
0.759, 10, 100
0.75, 10, 100
0.743, 10, 100
0.725, 10, 100
0.752, 10, 100
0.734, 10, 100
0.727, 10, 100
0.734, 10, 100
0.745, 10, 100
0.739, 10, 1000
0.728, 10, 1000
0.746, 10, 1000
0.747, 10, 1000
0.721, 10, 1000
0.75, 10, 1000
0.739, 10, 1000
0.746, 10, 1000
0.75, 10, 1000
0.756, 10, 1000
0.714, 10, 10000
0.733, 10, 10000
0.733, 10, 10000
0.758, 10, 10000
0.737, 10, 10000
0.745, 10, 10000
0.764, 10, 10000
0.761, 10, 10000
0.738, 10, 10000
0.759, 10, 10000
0.73, 10, 100000
0.735, 10, 100000
0.73, 10, 100000
0.748, 10, 100000
0.731, 10, 100000
0.736, 10, 100000
0.727, 10, 100000
0.74, 10, 100000
0.729, 10, 100000
0.735, 10, 100000
0.753, 10, 1000000
0.76, 10, 1000000
0.726, 10, 1000000
0.721, 10, 1000000
0.735, 10, 1000000
0.743, 10, 1000000
0.718, 10, 1000000
0.757, 10, 1000000
0.736, 10, 1000000
0.77, 10, 1000000
0.757, 10, 10000000
0.731, 10, 10000000
0.751, 10, 10000000
0.736, 10, 10000000
0.753, 10, 10000000
0.752, 10, 10000000
0.727, 10, 10000000
0.729, 10, 10000000
0.762, 10, 10000000
0.747, 10, 10000000
0.436, 10, 10
0.41, 10, 10
0.449, 10, 10
0.472, 10, 10
0.421, 10, 10
0.445, 10, 10
0.428, 10, 10
0.458, 10, 10
0.424, 10, 10
0.447, 10, 10
0.726, 10, 100
0.749, 10, 100
0.725, 10, 100
0.743, 10, 100
0.726, 10, 100
0.719, 10, 100
0.735, 10, 100
0.747, 10, 100
0.772, 10, 100
0.748, 10, 100
0.758, 10, 1000
0.74, 10, 1000
0.733, 10, 1000
0.721, 10, 1000
0.746, 10, 1000
0.733, 10, 1000
0.743, 10, 1000
0.711, 10, 1000
0.76, 10, 1000
0.761, 10, 1000
0.738, 10, 10000
0.759, 10, 10000
0.742, 10, 10000
0.741, 10, 10000
0.746, 10, 10000
0.726, 10, 10000
0.738, 10, 10000
0.742, 10, 10000
0.717, 10, 10000
0.744, 10, 10000
0.722, 10, 100000
0.753, 10, 100000
0.747, 10, 100000
0.743, 10, 100000
0.732, 10, 100000
0.731, 10, 100000
0.723, 10, 100000
0.743, 10, 100000
0.744, 10, 100000
0.747, 10, 100000
0.726, 10, 1000000
0.724, 10, 1000000
0.719, 10, 1000000
0.727, 10, 1000000
0.757, 10, 1000000
0.744, 10, 1000000
0.742, 10, 1000000
0.719, 10, 1000000
0.743, 10, 1000000
0.719, 10, 1000000
0.726, 10, 10000000
0.753, 10, 10000000
0.746, 10, 10000000
0.765, 10, 10000000
0.753, 10, 10000000
0.744, 10, 10000000
0.735, 10, 10000000
0.733, 10, 10000000
0.727, 10, 10000000
0.72, 10, 10000000
0.438, 10, 10
0.464, 10, 10
0.426, 10, 10
0.45, 10, 10
0.455, 10, 10
0.481, 10, 10
0.433, 10, 10
0.443, 10, 10
0.42, 10, 10
0.447, 10, 10
0.747, 10, 100
0.747, 10, 100
0.712, 10, 100
0.742, 10, 100
0.74, 10, 100
0.735, 10, 100
0.751, 10, 100
0.75, 10, 100
0.721, 10, 100
0.752, 10, 100
0.748, 10, 1000
0.73, 10, 1000
0.714, 10, 1000
0.755, 10, 1000
0.735, 10, 1000
0.733, 10, 1000
0.727, 10, 1000
0.73, 10, 1000
0.765, 10, 1000
0.765, 10, 1000
0.72, 10, 10000
0.732, 10, 10000
0.705, 10, 10000
0.74, 10, 10000
0.739, 10, 10000
0.732, 10, 10000
0.72, 10, 10000
0.743, 10, 10000
0.751, 10, 10000
0.723, 10, 10000
0.76, 10, 100000
0.72, 10, 100000
0.737, 10, 100000
0.745, 10, 100000
0.761, 10, 100000
0.741, 10, 100000
0.729, 10, 100000
0.745, 10, 100000
0.748, 10, 100000
0.737, 10, 100000
0.742, 10, 1000000
0.719, 10, 1000000
0.731, 10, 1000000
0.744, 10, 1000000
0.729, 10, 1000000
0.744, 10, 1000000
0.727, 10, 1000000
0.752, 10, 1000000
0.737, 10, 1000000
0.746, 10, 1000000
0.751, 10, 10000000
0.756, 10, 10000000
0.726, 10, 10000000
0.77, 10, 10000000
0.724, 10, 10000000
0.72, 10, 10000000
0.727, 10, 10000000
0.742, 10, 10000000
0.751, 10, 10000000
0.753, 10, 10000000
0.425, 10, 10
0.462, 10, 10
0.443, 10, 10
0.435, 10, 10
0.428, 10, 10
0.42, 10, 10
0.442, 10, 10
0.441, 10, 10
0.42, 10, 10
0.454, 10, 10
0.775, 10, 100
0.739, 10, 100
0.76, 10, 100
0.745, 10, 100
0.731, 10, 100
0.723, 10, 100
0.735, 10, 100
0.766, 10, 100
0.734, 10, 100
0.74, 10, 100
0.754, 10, 1000
0.732, 10, 1000
0.711, 10, 1000
0.724, 10, 1000
0.767, 10, 1000
0.718, 10, 1000
0.741, 10, 1000
0.729, 10, 1000
0.747, 10, 1000
0.716, 10, 1000
0.763, 10, 10000
0.757, 10, 10000
0.727, 10, 10000
0.751, 10, 10000
0.745, 10, 10000
0.746, 10, 10000
0.746, 10, 10000
0.74, 10, 10000
0.743, 10, 10000
0.694, 10, 10000
0.728, 10, 100000
0.757, 10, 100000
0.755, 10, 100000
0.761, 10, 100000
0.742, 10, 100000
0.727, 10, 100000
0.742, 10, 100000
0.764, 10, 100000
0.755, 10, 100000
0.732, 10, 100000
0.743, 10, 1000000
0.77, 10, 1000000
0.739, 10, 1000000
0.713, 10, 1000000
0.729, 10, 1000000
0.728, 10, 1000000
0.736, 10, 1000000
0.724, 10, 1000000
0.718, 10, 1000000
0.751, 10, 1000000
0.735, 10, 10000000
0.744, 10, 10000000
0.729, 10, 10000000
0.739, 10, 10000000
0.763, 10, 10000000
0.724, 10, 10000000
0.747, 10, 10000000
0.758, 10, 10000000
0.735, 10, 10000000
0.718, 10, 10000000
0.453, 10, 10
0.436, 10, 10
0.458, 10, 10
0.483, 10, 10
0.453, 10, 10
0.47, 10, 10
0.44, 10, 10
0.465, 10, 10
0.456, 10, 10
0.423, 10, 10
0.739, 10, 100
0.723, 10, 100
0.734, 10, 100
0.734, 10, 100
0.742, 10, 100
0.752, 10, 100
0.752, 10, 100
0.721, 10, 100
0.747, 10, 100
0.746, 10, 100
0.711, 10, 1000
0.715, 10, 1000
0.723, 10, 1000
0.753, 10, 1000
0.762, 10, 1000
0.753, 10, 1000
0.712, 10, 1000
0.723, 10, 1000
0.73, 10, 1000
0.734, 10, 1000
0.741, 10, 10000
0.72, 10, 10000
0.744, 10, 10000
0.745, 10, 10000
0.725, 10, 10000
0.744, 10, 10000
0.744, 10, 10000
0.728, 10, 10000
0.716, 10, 10000
0.755, 10, 10000
0.743, 10, 100000
0.733, 10, 100000
0.746, 10, 100000
0.725, 10, 100000
0.734, 10, 100000
0.719, 10, 100000
0.734, 10, 100000
0.766, 10, 100000
0.73, 10, 100000
0.744, 10, 100000
0.736, 10, 1000000
0.742, 10, 1000000
0.738, 10, 1000000
0.745, 10, 1000000
0.747, 10, 1000000
0.735, 10, 1000000
0.726, 10, 1000000
0.721, 10, 1000000
0.731, 10, 1000000
0.756, 10, 1000000
0.756, 10, 10000000
0.739, 10, 10000000
0.729, 10, 10000000
0.726, 10, 10000000
0.73, 10, 10000000
0.722, 10, 10000000
0.754, 10, 10000000
0.722, 10, 10000000
0.759, 10, 10000000
0.732, 10, 10000000
0.42, 10, 10
0.434, 10, 10
0.482, 10, 10
0.437, 10, 10
0.444, 10, 10
0.424, 10, 10
0.445, 10, 10
0.447, 10, 10
0.451, 10, 10
0.453, 10, 10
0.753, 10, 100
0.739, 10, 100
0.737, 10, 100
0.761, 10, 100
0.743, 10, 100
0.75, 10, 100
0.748, 10, 100
0.735, 10, 100
0.728, 10, 100
0.746, 10, 100
0.765, 10, 1000
0.759, 10, 1000
0.756, 10, 1000
0.749, 10, 1000
0.725, 10, 1000
0.726, 10, 1000
0.745, 10, 1000
0.755, 10, 1000
0.756, 10, 1000
0.724, 10, 1000
0.742, 10, 10000
0.713, 10, 10000
0.712, 10, 10000
0.736, 10, 10000
0.75, 10, 10000
0.737, 10, 10000
0.743, 10, 10000
0.765, 10, 10000
0.732, 10, 10000
0.735, 10, 10000
0.721, 10, 100000
0.725, 10, 100000
0.74, 10, 100000
0.737, 10, 100000
0.735, 10, 100000
0.757, 10, 100000
0.734, 10, 100000
0.746, 10, 100000
0.77, 10, 100000
0.754, 10, 100000
0.743, 10, 1000000
0.741, 10, 1000000
0.732, 10, 1000000
0.759, 10, 1000000
0.73, 10, 1000000
0.767, 10, 1000000
0.739, 10, 1000000
0.709, 10, 1000000
0.734, 10, 1000000
0.723, 10, 1000000
0.729, 10, 10000000
0.744, 10, 10000000
0.727, 10, 10000000
0.729, 10, 10000000
0.773, 10, 10000000
0.76, 10, 10000000
0.756, 10, 10000000
0.722, 10, 10000000
0.763, 10, 10000000
0.751, 10, 10000000
0.428, 100, 10
0.465, 100, 10
0.436, 100, 10
0.479, 100, 10
0.434, 100, 10
0.436, 100, 10
0.433, 100, 10
0.468, 100, 10
0.451, 100, 10
0.439, 100, 10
0.75, 100, 100
0.747, 100, 100
0.744, 100, 100
0.742, 100, 100
0.757, 100, 100
0.73, 100, 100
0.735, 100, 100
0.736, 100, 100
0.748, 100, 100
0.743, 100, 100
0.721, 100, 1000
0.763, 100, 1000
0.751, 100, 1000
0.717, 100, 1000
0.749, 100, 1000
0.73, 100, 1000
0.725, 100, 1000
0.729, 100, 1000
0.751, 100, 1000
0.757, 100, 1000
0.721, 100, 10000
0.732, 100, 10000
0.757, 100, 10000
0.758, 100, 10000
0.743, 100, 10000
0.731, 100, 10000
0.749, 100, 10000
0.721, 100, 10000
0.731, 100, 10000
0.742, 100, 10000
0.738, 100, 100000
0.772, 100, 100000
0.734, 100, 100000
0.749, 100, 100000
0.763, 100, 100000
0.734, 100, 100000
0.73, 100, 100000
0.759, 100, 100000
0.743, 100, 100000
0.735, 100, 100000
0.745, 100, 1000000
0.753, 100, 1000000
0.736, 100, 1000000
0.735, 100, 1000000
0.756, 100, 1000000
0.737, 100, 1000000
0.724, 100, 1000000
0.747, 100, 1000000
0.738, 100, 1000000
0.712, 100, 1000000
0.748, 100, 10000000
0.76, 100, 10000000
0.741, 100, 10000000
0.736, 100, 10000000
0.748, 100, 10000000
0.76, 100, 10000000
0.745, 100, 10000000
0.716, 100, 10000000
0.737, 100, 10000000
0.729, 100, 10000000
0.44, 100, 10
0.468, 100, 10
0.447, 100, 10
0.462, 100, 10
0.465, 100, 10
0.432, 100, 10
0.455, 100, 10
0.458, 100, 10
0.46, 100, 10
0.452, 100, 10
0.733, 100, 100
0.763, 100, 100
0.772, 100, 100
0.742, 100, 100
0.734, 100, 100
0.749, 100, 100
0.728, 100, 100
0.714, 100, 100
0.761, 100, 100
0.75, 100, 100
0.76, 100, 1000
0.744, 100, 1000
0.727, 100, 1000
0.751, 100, 1000
0.728, 100, 1000
0.763, 100, 1000
0.723, 100, 1000
0.737, 100, 1000
0.747, 100, 1000
0.74, 100, 1000
0.716, 100, 10000
0.738, 100, 10000
0.754, 100, 10000
0.732, 100, 10000
0.764, 100, 10000
0.719, 100, 10000
0.73, 100, 10000
0.72, 100, 10000
0.729, 100, 10000
0.727, 100, 10000
0.724, 100, 100000
0.722, 100, 100000
0.756, 100, 100000
0.733, 100, 100000
0.737, 100, 100000
0.736, 100, 100000
0.74, 100, 100000
0.739, 100, 100000
0.745, 100, 100000
0.735, 100, 100000
0.754, 100, 1000000
0.765, 100, 1000000
0.775, 100, 1000000
0.752, 100, 1000000
0.737, 100, 1000000
0.743, 100, 1000000
0.744, 100, 1000000
0.752, 100, 1000000
0.726, 100, 1000000
0.742, 100, 1000000
0.743, 100, 10000000
0.752, 100, 10000000
0.744, 100, 10000000
0.709, 100, 10000000
0.754, 100, 10000000
0.728, 100, 10000000
0.74, 100, 10000000
0.737, 100, 10000000
0.736, 100, 10000000
0.757, 100, 10000000
0.438, 100, 10
0.434, 100, 10
0.464, 100, 10
0.447, 100, 10
0.427, 100, 10
0.443, 100, 10
0.442, 100, 10
0.449, 100, 10
0.438, 100, 10
0.445, 100, 10
0.743, 100, 100
0.762, 100, 100
0.719, 100, 100
0.747, 100, 100
0.743, 100, 100
0.745, 100, 100
0.743, 100, 100
0.741, 100, 100
0.734, 100, 100
0.758, 100, 100
0.758, 100, 1000
0.728, 100, 1000
0.736, 100, 1000
0.748, 100, 1000
0.734, 100, 1000
0.772, 100, 1000
0.707, 100, 1000
0.745, 100, 1000
0.766, 100, 1000
0.739, 100, 1000
0.753, 100, 10000
0.742, 100, 10000
0.737, 100, 10000
0.723, 100, 10000
0.754, 100, 10000
0.748, 100, 10000
0.739, 100, 10000
0.748, 100, 10000
0.734, 100, 10000
0.732, 100, 10000
0.726, 100, 100000
0.745, 100, 100000
0.739, 100, 100000
0.754, 100, 100000
0.736, 100, 100000
0.761, 100, 100000
0.747, 100, 100000
0.746, 100, 100000
0.725, 100, 100000
0.731, 100, 100000
0.761, 100, 1000000
0.734, 100, 1000000
0.738, 100, 1000000
0.744, 100, 1000000
0.745, 100, 1000000
0.74, 100, 1000000
0.744, 100, 1000000
0.742, 100, 1000000
0.741, 100, 1000000
0.76, 100, 1000000
0.752, 100, 10000000
0.728, 100, 10000000
0.751, 100, 10000000
0.746, 100, 10000000
0.747, 100, 10000000
0.724, 100, 10000000
0.736, 100, 10000000
0.729, 100, 10000000
0.733, 100, 10000000
0.739, 100, 10000000
0.45, 100, 10
0.461, 100, 10
0.445, 100, 10
0.447, 100, 10
0.44, 100, 10
0.48, 100, 10
0.459, 100, 10
0.467, 100, 10
0.467, 100, 10
0.473, 100, 10
0.739, 100, 100
0.718, 100, 100
0.739, 100, 100
0.729, 100, 100
0.757, 100, 100
0.738, 100, 100
0.728, 100, 100
0.733, 100, 100
0.736, 100, 100
0.731, 100, 100
0.751, 100, 1000
0.737, 100, 1000
0.743, 100, 1000
0.731, 100, 1000
0.736, 100, 1000
0.73, 100, 1000
0.723, 100, 1000
0.739, 100, 1000
0.732, 100, 1000
0.755, 100, 1000
0.747, 100, 10000
0.754, 100, 10000
0.731, 100, 10000
0.743, 100, 10000
0.721, 100, 10000
0.73, 100, 10000
0.764, 100, 10000
0.732, 100, 10000
0.767, 100, 10000
0.77, 100, 10000
0.721, 100, 100000
0.737, 100, 100000
0.718, 100, 100000
0.747, 100, 100000
0.73, 100, 100000
0.752, 100, 100000
0.712, 100, 100000
0.737, 100, 100000
0.729, 100, 100000
0.741, 100, 100000
0.723, 100, 1000000
0.744, 100, 1000000
0.742, 100, 1000000
0.758, 100, 1000000
0.745, 100, 1000000
0.745, 100, 1000000
0.755, 100, 1000000
0.742, 100, 1000000
0.761, 100, 1000000
0.728, 100, 1000000
0.756, 100, 10000000
0.725, 100, 10000000
0.731, 100, 10000000
0.739, 100, 10000000
0.748, 100, 10000000
0.755, 100, 10000000
0.73, 100, 10000000
0.745, 100, 10000000
0.733, 100, 10000000
0.722, 100, 10000000
0.417, 100, 10
0.444, 100, 10
0.434, 100, 10
0.448, 100, 10
0.444, 100, 10
0.405, 100, 10
0.429, 100, 10
0.455, 100, 10
0.432, 100, 10
0.435, 100, 10
0.749, 100, 100
0.771, 100, 100
0.734, 100, 100
0.754, 100, 100
0.769, 100, 100
0.729, 100, 100
0.746, 100, 100
0.76, 100, 100
0.723, 100, 100
0.729, 100, 100
0.739, 100, 1000
0.759, 100, 1000
0.746, 100, 1000
0.729, 100, 1000
0.737, 100, 1000
0.732, 100, 1000
0.753, 100, 1000
0.741, 100, 1000
0.737, 100, 1000
0.728, 100, 1000
0.768, 100, 10000
0.728, 100, 10000
0.747, 100, 10000
0.727, 100, 10000
0.726, 100, 10000
0.733, 100, 10000
0.758, 100, 10000
0.734, 100, 10000
0.739, 100, 10000
0.719, 100, 10000
0.717, 100, 100000
0.742, 100, 100000
0.705, 100, 100000
0.745, 100, 100000
0.726, 100, 100000
0.714, 100, 100000
0.726, 100, 100000
0.741, 100, 100000
0.734, 100, 100000
0.743, 100, 100000
0.756, 100, 1000000
0.751, 100, 1000000
0.75, 100, 1000000
0.734, 100, 1000000
0.747, 100, 1000000
0.741, 100, 1000000
0.732, 100, 1000000
0.731, 100, 1000000
0.76, 100, 1000000
0.744, 100, 1000000
0.756, 100, 10000000
0.733, 100, 10000000
0.75, 100, 10000000
0.77, 100, 10000000
0.732, 100, 10000000
0.739, 100, 10000000
0.747, 100, 10000000
0.728, 100, 10000000
0.746, 100, 10000000
0.747, 100, 10000000
0.467, 100, 10
0.452, 100, 10
0.448, 100, 10
0.432, 100, 10
0.448, 100, 10
0.443, 100, 10
0.467, 100, 10
0.47, 100, 10
0.477, 100, 10
0.453, 100, 10
0.747, 100, 100
0.75, 100, 100
0.747, 100, 100
0.707, 100, 100
0.737, 100, 100
0.742, 100, 100
0.75, 100, 100
0.731, 100, 100
0.729, 100, 100
0.732, 100, 100
0.736, 100, 1000
0.74, 100, 1000
0.736, 100, 1000
0.711, 100, 1000
0.755, 100, 1000
0.729, 100, 1000
0.749, 100, 1000
0.747, 100, 1000
0.736, 100, 1000
0.767, 100, 1000
0.74, 100, 10000
0.753, 100, 10000
0.744, 100, 10000
0.749, 100, 10000
0.758, 100, 10000
0.734, 100, 10000
0.734, 100, 10000
0.749, 100, 10000
0.751, 100, 10000
0.736, 100, 10000
0.747, 100, 100000
0.747, 100, 100000
0.752, 100, 100000
0.737, 100, 100000
0.723, 100, 100000
0.721, 100, 100000
0.743, 100, 100000
0.764, 100, 100000
0.759, 100, 100000
0.752, 100, 100000
0.73, 100, 1000000
0.752, 100, 1000000
0.755, 100, 1000000
0.734, 100, 1000000
0.737, 100, 1000000
0.744, 100, 1000000
0.747, 100, 1000000
0.742, 100, 1000000
0.713, 100, 1000000
0.752, 100, 1000000
0.74, 100, 10000000
0.72, 100, 10000000
0.721, 100, 10000000
0.743, 100, 10000000
0.743, 100, 10000000
0.742, 100, 10000000
0.728, 100, 10000000
0.746, 100, 10000000
0.713, 100, 10000000
0.758, 100, 10000000
0.456, 100, 10
0.42, 100, 10
0.45, 100, 10
0.444, 100, 10
0.445, 100, 10
0.432, 100, 10
0.457, 100, 10
0.463, 100, 10
0.434, 100, 10
0.469, 100, 10
0.732, 100, 100
0.759, 100, 100
0.745, 100, 100
0.739, 100, 100
0.759, 100, 100
0.74, 100, 100
0.74, 100, 100
0.76, 100, 100
0.751, 100, 100
0.771, 100, 100
0.749, 100, 1000
0.766, 100, 1000
0.738, 100, 1000
0.725, 100, 1000
0.719, 100, 1000
0.747, 100, 1000
0.753, 100, 1000
0.716, 100, 1000
0.732, 100, 1000
0.728, 100, 1000
0.728, 100, 10000
0.737, 100, 10000
0.722, 100, 10000
0.74, 100, 10000
0.737, 100, 10000
0.763, 100, 10000
0.73, 100, 10000
0.753, 100, 10000
0.727, 100, 10000
0.731, 100, 10000
0.733, 100, 100000
0.728, 100, 100000
0.727, 100, 100000
0.765, 100, 100000
0.756, 100, 100000
0.758, 100, 100000
0.719, 100, 100000
0.708, 100, 100000
0.73, 100, 100000
0.737, 100, 100000
0.74, 100, 1000000
0.739, 100, 1000000
0.751, 100, 1000000
0.727, 100, 1000000
0.722, 100, 1000000
0.731, 100, 1000000
0.73, 100, 1000000
0.711, 100, 1000000
0.76, 100, 1000000
0.737, 100, 1000000
0.735, 100, 10000000
0.745, 100, 10000000
0.736, 100, 10000000
0.712, 100, 10000000
0.741, 100, 10000000
0.718, 100, 10000000
0.724, 100, 10000000
0.715, 100, 10000000
0.745, 100, 10000000
0.741, 100, 10000000
0.454, 100, 10
0.444, 100, 10
0.438, 100, 10
0.433, 100, 10
0.456, 100, 10
0.449, 100, 10
0.461, 100, 10
0.404, 100, 10
0.464, 100, 10
0.43, 100, 10
0.749, 100, 100
0.725, 100, 100
0.763, 100, 100
0.757, 100, 100
0.737, 100, 100
0.747, 100, 100
0.725, 100, 100
0.732, 100, 100
0.743, 100, 100
0.758, 100, 100
0.73, 100, 1000
0.732, 100, 1000
0.736, 100, 1000
0.755, 100, 1000
0.73, 100, 1000
0.751, 100, 1000
0.746, 100, 1000
0.746, 100, 1000
0.757, 100, 1000
0.727, 100, 1000
0.732, 100, 10000
0.745, 100, 10000
0.734, 100, 10000
0.709, 100, 10000
0.713, 100, 10000
0.74, 100, 10000
0.73, 100, 10000
0.729, 100, 10000
0.739, 100, 10000
0.749, 100, 10000
0.751, 100, 100000
0.716, 100, 100000
0.743, 100, 100000
0.724, 100, 100000
0.713, 100, 100000
0.762, 100, 100000
0.752, 100, 100000
0.738, 100, 100000
0.74, 100, 100000
0.731, 100, 100000
0.731, 100, 1000000
0.739, 100, 1000000
0.73, 100, 1000000
0.718, 100, 1000000
0.736, 100, 1000000
0.742, 100, 1000000
0.748, 100, 1000000
0.745, 100, 1000000
0.749, 100, 1000000
0.746, 100, 1000000
0.731, 100, 10000000
0.743, 100, 10000000
0.732, 100, 10000000
0.729, 100, 10000000
0.735, 100, 10000000
0.758, 100, 10000000
0.754, 100, 10000000
0.724, 100, 10000000
0.739, 100, 10000000
0.723, 100, 10000000
0.436, 100, 10
0.449, 100, 10
0.466, 100, 10
0.446, 100, 10
0.451, 100, 10
0.415, 100, 10
0.452, 100, 10
0.426, 100, 10
0.478, 100, 10
0.467, 100, 10
0.715, 100, 100
0.738, 100, 100
0.724, 100, 100
0.734, 100, 100
0.739, 100, 100
0.733, 100, 100
0.726, 100, 100
0.741, 100, 100
0.737, 100, 100
0.754, 100, 100
0.745, 100, 1000
0.713, 100, 1000
0.736, 100, 1000
0.756, 100, 1000
0.723, 100, 1000
0.745, 100, 1000
0.744, 100, 1000
0.758, 100, 1000
0.738, 100, 1000
0.754, 100, 1000
0.717, 100, 10000
0.746, 100, 10000
0.749, 100, 10000
0.753, 100, 10000
0.75, 100, 10000
0.727, 100, 10000
0.74, 100, 10000
0.751, 100, 10000
0.73, 100, 10000
0.753, 100, 10000
0.742, 100, 100000
0.726, 100, 100000
0.754, 100, 100000
0.713, 100, 100000
0.731, 100, 100000
0.736, 100, 100000
0.745, 100, 100000
0.748, 100, 100000
0.712, 100, 100000
0.745, 100, 100000
0.726, 100, 1000000
0.714, 100, 1000000
0.727, 100, 1000000
0.725, 100, 1000000
0.753, 100, 1000000
0.734, 100, 1000000
0.746, 100, 1000000
0.72, 100, 1000000
0.726, 100, 1000000
0.73, 100, 1000000
0.76, 100, 10000000
0.729, 100, 10000000
0.739, 100, 10000000
0.729, 100, 10000000
0.719, 100, 10000000
0.753, 100, 10000000
0.749, 100, 10000000
0.742, 100, 10000000
0.759, 100, 10000000
0.739, 100, 10000000
0.452, 100, 10
0.456, 100, 10
0.43, 100, 10
0.43, 100, 10
0.415, 100, 10
0.436, 100, 10
0.438, 100, 10
0.455, 100, 10
0.435, 100, 10
0.461, 100, 10
0.747, 100, 100
0.753, 100, 100
0.752, 100, 100
0.772, 100, 100
0.754, 100, 100
0.748, 100, 100
0.74, 100, 100
0.758, 100, 100
0.732, 100, 100
0.749, 100, 100
0.717, 100, 1000
0.749, 100, 1000
0.738, 100, 1000
0.725, 100, 1000
0.751, 100, 1000
0.746, 100, 1000
0.745, 100, 1000
0.727, 100, 1000
0.739, 100, 1000
0.734, 100, 1000
0.732, 100, 10000
0.724, 100, 10000
0.726, 100, 10000
0.721, 100, 10000
0.741, 100, 10000
0.741, 100, 10000
0.729, 100, 10000
0.762, 100, 10000
0.728, 100, 10000
0.735, 100, 10000
0.749, 100, 100000
0.744, 100, 100000
0.727, 100, 100000
0.722, 100, 100000
0.748, 100, 100000
0.768, 100, 100000
0.718, 100, 100000
0.777, 100, 100000
0.755, 100, 100000
0.741, 100, 100000
0.738, 100, 1000000
0.735, 100, 1000000
0.751, 100, 1000000
0.74, 100, 1000000
0.726, 100, 1000000
0.75, 100, 1000000
0.728, 100, 1000000
0.742, 100, 1000000
0.745, 100, 1000000
0.733, 100, 1000000
0.76, 100, 10000000
0.769, 100, 10000000
0.759, 100, 10000000
0.708, 100, 10000000
0.739, 100, 10000000
0.709, 100, 10000000
0.746, 100, 10000000
0.723, 100, 10000000
0.752, 100, 10000000
0.743, 100, 10000000
0.424, 1000, 10
0.444, 1000, 10
0.436, 1000, 10
0.454, 1000, 10
0.458, 1000, 10
0.493, 1000, 10
0.453, 1000, 10
0.446, 1000, 10
0.451, 1000, 10
0.429, 1000, 10
0.751, 1000, 100
0.748, 1000, 100
0.741, 1000, 100
0.746, 1000, 100
0.731, 1000, 100
0.726, 1000, 100
0.75, 1000, 100
0.751, 1000, 100
0.723, 1000, 100
0.738, 1000, 100
0.752, 1000, 1000
0.722, 1000, 1000
0.737, 1000, 1000
0.741, 1000, 1000
0.744, 1000, 1000
0.743, 1000, 1000
0.742, 1000, 1000
0.754, 1000, 1000
0.738, 1000, 1000
0.751, 1000, 1000
0.756, 1000, 10000
0.757, 1000, 10000
0.728, 1000, 10000
0.738, 1000, 10000
0.733, 1000, 10000
0.727, 1000, 10000
0.733, 1000, 10000
0.751, 1000, 10000
0.743, 1000, 10000
0.755, 1000, 10000
0.739, 1000, 100000
0.747, 1000, 100000
0.739, 1000, 100000
0.74, 1000, 100000
0.721, 1000, 100000
0.753, 1000, 100000
0.742, 1000, 100000
0.757, 1000, 100000
0.732, 1000, 100000
0.74, 1000, 100000
0.723, 1000, 1000000
0.751, 1000, 1000000
0.745, 1000, 1000000
0.753, 1000, 1000000
0.764, 1000, 1000000
0.731, 1000, 1000000
0.758, 1000, 1000000
0.765, 1000, 1000000
0.742, 1000, 1000000
0.74, 1000, 1000000
0.727, 1000, 10000000
0.745, 1000, 10000000
0.742, 1000, 10000000
0.743, 1000, 10000000
0.707, 1000, 10000000
0.727, 1000, 10000000
0.731, 1000, 10000000
0.73, 1000, 10000000
0.754, 1000, 10000000
0.748, 1000, 10000000
0.447, 1000, 10
0.446, 1000, 10
0.475, 1000, 10
0.463, 1000, 10
0.444, 1000, 10
0.425, 1000, 10
0.423, 1000, 10
0.435, 1000, 10
0.463, 1000, 10
0.449, 1000, 10
0.744, 1000, 100
0.777, 1000, 100
0.71, 1000, 100
0.735, 1000, 100
0.746, 1000, 100
0.734, 1000, 100
0.751, 1000, 100
0.746, 1000, 100
0.73, 1000, 100
0.74, 1000, 100
0.762, 1000, 1000
0.769, 1000, 1000
0.739, 1000, 1000
0.746, 1000, 1000
0.738, 1000, 1000
0.747, 1000, 1000
0.757, 1000, 1000
0.755, 1000, 1000
0.741, 1000, 1000
0.743, 1000, 1000
0.726, 1000, 10000
0.731, 1000, 10000
0.728, 1000, 10000
0.719, 1000, 10000
0.74, 1000, 10000
0.744, 1000, 10000
0.757, 1000, 10000
0.748, 1000, 10000
0.751, 1000, 10000
0.758, 1000, 10000
0.717, 1000, 100000
0.739, 1000, 100000
0.738, 1000, 100000
0.71, 1000, 100000
0.742, 1000, 100000
0.747, 1000, 100000
0.741, 1000, 100000
0.752, 1000, 100000
0.733, 1000, 100000
0.733, 1000, 100000
0.741, 1000, 1000000
0.728, 1000, 1000000
0.733, 1000, 1000000
0.743, 1000, 1000000
0.747, 1000, 1000000
0.748, 1000, 1000000
0.745, 1000, 1000000
0.743, 1000, 1000000
0.725, 1000, 1000000
0.743, 1000, 1000000
0.761, 1000, 10000000
0.721, 1000, 10000000
0.721, 1000, 10000000
0.737, 1000, 10000000
0.759, 1000, 10000000
0.745, 1000, 10000000
0.726, 1000, 10000000
0.756, 1000, 10000000
0.744, 1000, 10000000
0.739, 1000, 10000000
0.427, 1000, 10
0.422, 1000, 10
0.466, 1000, 10
0.425, 1000, 10
0.438, 1000, 10
0.461, 1000, 10
0.445, 1000, 10
0.41, 1000, 10
0.448, 1000, 10
0.424, 1000, 10
0.722, 1000, 100
0.714, 1000, 100
0.752, 1000, 100
0.742, 1000, 100
0.767, 1000, 100
0.743, 1000, 100
0.736, 1000, 100
0.738, 1000, 100
0.764, 1000, 100
0.736, 1000, 100
0.739, 1000, 1000
0.734, 1000, 1000
0.742, 1000, 1000
0.735, 1000, 1000
0.742, 1000, 1000
0.737, 1000, 1000
0.749, 1000, 1000
0.727, 1000, 1000
0.737, 1000, 1000
0.746, 1000, 1000
0.742, 1000, 10000
0.784, 1000, 10000
0.728, 1000, 10000
0.762, 1000, 10000
0.698, 1000, 10000
0.761, 1000, 10000
0.728, 1000, 10000
0.733, 1000, 10000
0.752, 1000, 10000
0.723, 1000, 10000
0.732, 1000, 100000
0.727, 1000, 100000
0.773, 1000, 100000
0.723, 1000, 100000
0.737, 1000, 100000
0.741, 1000, 100000
0.736, 1000, 100000
0.764, 1000, 100000
0.699, 1000, 100000
0.73, 1000, 100000
0.728, 1000, 1000000
0.735, 1000, 1000000
0.724, 1000, 1000000
0.763, 1000, 1000000
0.756, 1000, 1000000
0.744, 1000, 1000000
0.747, 1000, 1000000
0.747, 1000, 1000000
0.732, 1000, 1000000
0.718, 1000, 1000000
0.735, 1000, 10000000
0.733, 1000, 10000000
0.745, 1000, 10000000
0.755, 1000, 10000000
0.717, 1000, 10000000
0.745, 1000, 10000000
0.754, 1000, 10000000
0.759, 1000, 10000000
0.718, 1000, 10000000
0.738, 1000, 10000000
0.411, 1000, 10
0.458, 1000, 10
0.452, 1000, 10
0.452, 1000, 10
0.452, 1000, 10
0.446, 1000, 10
0.445, 1000, 10
0.436, 1000, 10
0.447, 1000, 10
0.461, 1000, 10
0.742, 1000, 100
0.769, 1000, 100
0.729, 1000, 100
0.727, 1000, 100
0.742, 1000, 100
0.745, 1000, 100
0.736, 1000, 100
0.729, 1000, 100
0.726, 1000, 100
0.754, 1000, 100
0.737, 1000, 1000
0.742, 1000, 1000
0.72, 1000, 1000
0.735, 1000, 1000
0.73, 1000, 1000
0.744, 1000, 1000
0.758, 1000, 1000
0.716, 1000, 1000
0.741, 1000, 1000
0.758, 1000, 1000
0.758, 1000, 10000
0.748, 1000, 10000
0.747, 1000, 10000
0.758, 1000, 10000
0.728, 1000, 10000
0.752, 1000, 10000
0.729, 1000, 10000
0.74, 1000, 10000
0.731, 1000, 10000
0.74, 1000, 10000
0.74, 1000, 100000
0.74, 1000, 100000
0.747, 1000, 100000
0.772, 1000, 100000
0.734, 1000, 100000
0.731, 1000, 100000
0.755, 1000, 100000
0.762, 1000, 100000
0.752, 1000, 100000
0.743, 1000, 100000
0.74, 1000, 1000000
0.751, 1000, 1000000
0.744, 1000, 1000000
0.717, 1000, 1000000
0.725, 1000, 1000000
0.738, 1000, 1000000
0.738, 1000, 1000000
0.729, 1000, 1000000
0.738, 1000, 1000000
0.747, 1000, 1000000
0.724, 1000, 10000000
0.738, 1000, 10000000
0.745, 1000, 10000000
0.748, 1000, 10000000
0.726, 1000, 10000000
0.76, 1000, 10000000
0.742, 1000, 10000000
0.749, 1000, 10000000
0.748, 1000, 10000000
0.717, 1000, 10000000
0.423, 1000, 10
0.457, 1000, 10
0.435, 1000, 10
0.47, 1000, 10
0.438, 1000, 10
0.458, 1000, 10
0.457, 1000, 10
0.425, 1000, 10
0.456, 1000, 10
0.422, 1000, 10
0.753, 1000, 100
0.738, 1000, 100
0.754, 1000, 100
0.752, 1000, 100
0.765, 1000, 100
0.748, 1000, 100
0.733, 1000, 100
0.753, 1000, 100
0.74, 1000, 100
0.763, 1000, 100
0.736, 1000, 1000
0.727, 1000, 1000
0.745, 1000, 1000
0.697, 1000, 1000
0.779, 1000, 1000
0.741, 1000, 1000
0.723, 1000, 1000
0.71, 1000, 1000
0.741, 1000, 1000
0.725, 1000, 1000
0.756, 1000, 10000
0.717, 1000, 10000
0.757, 1000, 10000
0.743, 1000, 10000
0.752, 1000, 10000
0.726, 1000, 10000
0.723, 1000, 10000
0.737, 1000, 10000
0.725, 1000, 10000
0.726, 1000, 10000
0.742, 1000, 100000
0.735, 1000, 100000
0.758, 1000, 100000
0.73, 1000, 100000
0.73, 1000, 100000
0.764, 1000, 100000
0.731, 1000, 100000
0.734, 1000, 100000
0.743, 1000, 100000
0.748, 1000, 100000
0.76, 1000, 1000000
0.739, 1000, 1000000
0.738, 1000, 1000000
0.732, 1000, 1000000
0.759, 1000, 1000000
0.745, 1000, 1000000
0.743, 1000, 1000000
0.757, 1000, 1000000
0.736, 1000, 1000000
0.746, 1000, 1000000
0.728, 1000, 10000000
0.741, 1000, 10000000
0.753, 1000, 10000000
0.745, 1000, 10000000
0.731, 1000, 10000000
0.746, 1000, 10000000
0.731, 1000, 10000000
0.749, 1000, 10000000
0.751, 1000, 10000000
0.74, 1000, 10000000
0.432, 1000, 10
0.421, 1000, 10
0.434, 1000, 10
0.412, 1000, 10
0.437, 1000, 10
0.422, 1000, 10
0.459, 1000, 10
0.427, 1000, 10
0.436, 1000, 10
0.447, 1000, 10
0.731, 1000, 100
0.732, 1000, 100
0.728, 1000, 100
0.731, 1000, 100
0.727, 1000, 100
0.721, 1000, 100
0.744, 1000, 100
0.761, 1000, 100
0.752, 1000, 100
0.755, 1000, 100
0.725, 1000, 1000
0.736, 1000, 1000
0.761, 1000, 1000
0.726, 1000, 1000
0.72, 1000, 1000
0.758, 1000, 1000
0.725, 1000, 1000
0.729, 1000, 1000
0.75, 1000, 1000
0.716, 1000, 1000
0.751, 1000, 10000
0.735, 1000, 10000
0.748, 1000, 10000
0.724, 1000, 10000
0.758, 1000, 10000
0.724, 1000, 10000
0.732, 1000, 10000
0.726, 1000, 10000
0.727, 1000, 10000
0.741, 1000, 10000
0.732, 1000, 100000
0.755, 1000, 100000
0.745, 1000, 100000
0.747, 1000, 100000
0.75, 1000, 100000
0.735, 1000, 100000
0.742, 1000, 100000
0.731, 1000, 100000
0.726, 1000, 100000
0.732, 1000, 100000
0.736, 1000, 1000000
0.751, 1000, 1000000
0.725, 1000, 1000000
0.742, 1000, 1000000
0.73, 1000, 1000000
0.733, 1000, 1000000
0.736, 1000, 1000000
0.735, 1000, 1000000
0.764, 1000, 1000000
0.738, 1000, 1000000
0.739, 1000, 10000000
0.733, 1000, 10000000
0.735, 1000, 10000000
0.724, 1000, 10000000
0.741, 1000, 10000000
0.752, 1000, 10000000
0.761, 1000, 10000000
0.751, 1000, 10000000
0.729, 1000, 10000000
0.744, 1000, 10000000
0.44, 1000, 10
0.477, 1000, 10
0.425, 1000, 10
0.47, 1000, 10
0.469, 1000, 10
0.416, 1000, 10
0.416, 1000, 10
0.463, 1000, 10
0.453, 1000, 10
0.45, 1000, 10
0.748, 1000, 100
0.714, 1000, 100
0.745, 1000, 100
0.704, 1000, 100
0.71, 1000, 100
0.75, 1000, 100
0.71, 1000, 100
0.751, 1000, 100
0.747, 1000, 100
0.732, 1000, 100
0.756, 1000, 1000
0.746, 1000, 1000
0.757, 1000, 1000
0.724, 1000, 1000
0.744, 1000, 1000
0.75, 1000, 1000
0.746, 1000, 1000
0.744, 1000, 1000
0.741, 1000, 1000
0.744, 1000, 1000
0.727, 1000, 10000
0.741, 1000, 10000
0.728, 1000, 10000
0.733, 1000, 10000
0.726, 1000, 10000
0.752, 1000, 10000
0.744, 1000, 10000
0.761, 1000, 10000
0.743, 1000, 10000
0.714, 1000, 10000
0.733, 1000, 100000
0.754, 1000, 100000
0.739, 1000, 100000
0.755, 1000, 100000
0.745, 1000, 100000
0.723, 1000, 100000
0.731, 1000, 100000
0.757, 1000, 100000
0.723, 1000, 100000
0.751, 1000, 100000
0.72, 1000, 1000000
0.742, 1000, 1000000
0.732, 1000, 1000000
0.742, 1000, 1000000
0.737, 1000, 1000000
0.738, 1000, 1000000
0.75, 1000, 1000000
0.762, 1000, 1000000
0.74, 1000, 1000000
0.756, 1000, 1000000
0.72, 1000, 10000000
0.739, 1000, 10000000
0.726, 1000, 10000000
0.735, 1000, 10000000
0.732, 1000, 10000000
0.747, 1000, 10000000
0.774, 1000, 10000000
0.73, 1000, 10000000
0.731, 1000, 10000000
0.722, 1000, 10000000
0.451, 1000, 10
0.456, 1000, 10
0.474, 1000, 10
0.456, 1000, 10
0.418, 1000, 10
0.457, 1000, 10
0.425, 1000, 10
0.461, 1000, 10
0.434, 1000, 10
0.42, 1000, 10
0.74, 1000, 100
0.743, 1000, 100
0.745, 1000, 100
0.75, 1000, 100
0.755, 1000, 100
0.739, 1000, 100
0.753, 1000, 100
0.751, 1000, 100
0.734, 1000, 100
0.752, 1000, 100
0.729, 1000, 1000
0.73, 1000, 1000
0.726, 1000, 1000
0.733, 1000, 1000
0.77, 1000, 1000
0.755, 1000, 1000
0.766, 1000, 1000
0.739, 1000, 1000
0.743, 1000, 1000
0.739, 1000, 1000
0.745, 1000, 10000
0.747, 1000, 10000
0.733, 1000, 10000
0.747, 1000, 10000
0.746, 1000, 10000
0.742, 1000, 10000
0.719, 1000, 10000
0.761, 1000, 10000
0.741, 1000, 10000
0.741, 1000, 10000
0.748, 1000, 100000
0.761, 1000, 100000
0.734, 1000, 100000
0.736, 1000, 100000
0.733, 1000, 100000
0.723, 1000, 100000
0.749, 1000, 100000
0.738, 1000, 100000
0.732, 1000, 100000
0.728, 1000, 100000
0.727, 1000, 1000000
0.747, 1000, 1000000
0.749, 1000, 1000000
0.728, 1000, 1000000
0.74, 1000, 1000000
0.742, 1000, 1000000
0.733, 1000, 1000000
0.751, 1000, 1000000
0.734, 1000, 1000000
0.75, 1000, 1000000
0.739, 1000, 10000000
0.735, 1000, 10000000
0.731, 1000, 10000000
0.77, 1000, 10000000
0.744, 1000, 10000000
0.762, 1000, 10000000
0.765, 1000, 10000000
0.745, 1000, 10000000
0.707, 1000, 10000000
0.752, 1000, 10000000
0.427, 1000, 10
0.422, 1000, 10
0.449, 1000, 10
0.429, 1000, 10
0.437, 1000, 10
0.437, 1000, 10
0.462, 1000, 10
0.461, 1000, 10
0.447, 1000, 10
0.45, 1000, 10
0.743, 1000, 100
0.721, 1000, 100
0.739, 1000, 100
0.746, 1000, 100
0.763, 1000, 100
0.772, 1000, 100
0.72, 1000, 100
0.726, 1000, 100
0.736, 1000, 100
0.732, 1000, 100
0.737, 1000, 1000
0.754, 1000, 1000
0.731, 1000, 1000
0.725, 1000, 1000
0.721, 1000, 1000
0.743, 1000, 1000
0.727, 1000, 1000
0.761, 1000, 1000
0.748, 1000, 1000
0.729, 1000, 1000
0.769, 1000, 10000
0.726, 1000, 10000
0.733, 1000, 10000
0.732, 1000, 10000
0.743, 1000, 10000
0.761, 1000, 10000
0.714, 1000, 10000
0.74, 1000, 10000
0.736, 1000, 10000
0.729, 1000, 10000
0.748, 1000, 100000
0.723, 1000, 100000
0.736, 1000, 100000
0.738, 1000, 100000
0.767, 1000, 100000
0.732, 1000, 100000
0.758, 1000, 100000
0.747, 1000, 100000
0.746, 1000, 100000
0.723, 1000, 100000
0.749, 1000, 1000000
0.751, 1000, 1000000
0.74, 1000, 1000000
0.757, 1000, 1000000
0.715, 1000, 1000000
0.732, 1000, 1000000
0.736, 1000, 1000000
0.764, 1000, 1000000
0.715, 1000, 1000000
0.746, 1000, 1000000
0.746, 1000, 10000000
0.743, 1000, 10000000
0.716, 1000, 10000000
0.749, 1000, 10000000
0.73, 1000, 10000000
0.735, 1000, 10000000
0.755, 1000, 10000000
0.73, 1000, 10000000
0.742, 1000, 10000000
0.755, 1000, 10000000
0.457, 1000, 10
0.465, 1000, 10
0.422, 1000, 10
0.465, 1000, 10
0.462, 1000, 10
0.444, 1000, 10
0.44, 1000, 10
0.456, 1000, 10
0.445, 1000, 10
0.434, 1000, 10
0.751, 1000, 100
0.732, 1000, 100
0.735, 1000, 100
0.758, 1000, 100
0.784, 1000, 100
0.736, 1000, 100
0.76, 1000, 100
0.72, 1000, 100
0.764, 1000, 100
0.767, 1000, 100
0.732, 1000, 1000
0.74, 1000, 1000
0.751, 1000, 1000
0.753, 1000, 1000
0.752, 1000, 1000
0.724, 1000, 1000
0.73, 1000, 1000
0.725, 1000, 1000
0.73, 1000, 1000
0.741, 1000, 1000
0.734, 1000, 10000
0.747, 1000, 10000
0.743, 1000, 10000
0.75, 1000, 10000
0.754, 1000, 10000
0.718, 1000, 10000
0.752, 1000, 10000
0.703, 1000, 10000
0.722, 1000, 10000
0.738, 1000, 10000
0.769, 1000, 100000
0.71, 1000, 100000
0.74, 1000, 100000
0.737, 1000, 100000
0.751, 1000, 100000
0.738, 1000, 100000
0.751, 1000, 100000
0.742, 1000, 100000
0.718, 1000, 100000
0.76, 1000, 100000
0.741, 1000, 1000000
0.772, 1000, 1000000
0.737, 1000, 1000000
0.743, 1000, 1000000
0.769, 1000, 1000000
0.75, 1000, 1000000
0.733, 1000, 1000000
0.742, 1000, 1000000
0.751, 1000, 1000000
0.737, 1000, 1000000
0.737, 1000, 10000000
0.745, 1000, 10000000
0.735, 1000, 10000000
0.721, 1000, 10000000
0.714, 1000, 10000000
0.731, 1000, 10000000
0.772, 1000, 10000000
0.723, 1000, 10000000
0.751, 1000, 10000000
0.738, 1000, 10000000
0.44, 10000, 10
0.455, 10000, 10
0.458, 10000, 10
0.441, 10000, 10
0.433, 10000, 10
0.457, 10000, 10
0.425, 10000, 10
0.449, 10000, 10
0.448, 10000, 10
0.445, 10000, 10
0.743, 10000, 100
0.741, 10000, 100
0.747, 10000, 100
0.745, 10000, 100
0.737, 10000, 100
0.721, 10000, 100
0.751, 10000, 100
0.723, 10000, 100
0.748, 10000, 100
0.751, 10000, 100
0.727, 10000, 1000
0.727, 10000, 1000
0.736, 10000, 1000
0.745, 10000, 1000
0.756, 10000, 1000
0.736, 10000, 1000
0.749, 10000, 1000
0.731, 10000, 1000
0.765, 10000, 1000
0.751, 10000, 1000
0.73, 10000, 10000
0.726, 10000, 10000
0.738, 10000, 10000
0.726, 10000, 10000
0.776, 10000, 10000
0.763, 10000, 10000
0.75, 10000, 10000
0.76, 10000, 10000
0.732, 10000, 10000
0.734, 10000, 10000
0.755, 10000, 100000
0.718, 10000, 100000
0.732, 10000, 100000
0.741, 10000, 100000
0.757, 10000, 100000
0.715, 10000, 100000
0.73, 10000, 100000
0.751, 10000, 100000
0.748, 10000, 100000
0.756, 10000, 100000
0.723, 10000, 1000000
0.751, 10000, 1000000
0.722, 10000, 1000000
0.731, 10000, 1000000
0.758, 10000, 1000000
0.706, 10000, 1000000
0.761, 10000, 1000000
0.739, 10000, 1000000
0.736, 10000, 1000000
0.732, 10000, 1000000
0.76, 10000, 10000000
0.734, 10000, 10000000
0.744, 10000, 10000000
0.743, 10000, 10000000
0.752, 10000, 10000000
0.731, 10000, 10000000
0.729, 10000, 10000000
0.708, 10000, 10000000
0.735, 10000, 10000000
0.747, 10000, 10000000
0.438, 10000, 10
0.443, 10000, 10
0.429, 10000, 10
0.44, 10000, 10
0.436, 10000, 10
0.438, 10000, 10
0.474, 10000, 10
0.476, 10000, 10
0.451, 10000, 10
0.44, 10000, 10
0.739, 10000, 100
0.746, 10000, 100
0.742, 10000, 100
0.728, 10000, 100
0.724, 10000, 100
0.732, 10000, 100
0.738, 10000, 100
0.737, 10000, 100
0.733, 10000, 100
0.765, 10000, 100
0.745, 10000, 1000
0.75, 10000, 1000
0.744, 10000, 1000
0.725, 10000, 1000
0.727, 10000, 1000
0.764, 10000, 1000
0.746, 10000, 1000
0.741, 10000, 1000
0.732, 10000, 1000
0.727, 10000, 1000
0.724, 10000, 10000
0.717, 10000, 10000
0.728, 10000, 10000
0.765, 10000, 10000
0.754, 10000, 10000
0.754, 10000, 10000
0.739, 10000, 10000
0.737, 10000, 10000
0.75, 10000, 10000
0.734, 10000, 10000
0.735, 10000, 100000
0.728, 10000, 100000
0.75, 10000, 100000
0.734, 10000, 100000
0.72, 10000, 100000
0.758, 10000, 100000
0.759, 10000, 100000
0.74, 10000, 100000
0.743, 10000, 100000
0.751, 10000, 100000
0.736, 10000, 1000000
0.719, 10000, 1000000
0.74, 10000, 1000000
0.752, 10000, 1000000
0.762, 10000, 1000000
0.737, 10000, 1000000
0.751, 10000, 1000000
0.734, 10000, 1000000
0.725, 10000, 1000000
0.714, 10000, 1000000
0.722, 10000, 10000000
0.748, 10000, 10000000
0.73, 10000, 10000000
0.741, 10000, 10000000
0.756, 10000, 10000000
0.744, 10000, 10000000
0.734, 10000, 10000000
0.724, 10000, 10000000
0.744, 10000, 10000000
0.748, 10000, 10000000
0.449, 10000, 10
0.491, 10000, 10
0.465, 10000, 10
0.464, 10000, 10
0.457, 10000, 10
0.471, 10000, 10
0.476, 10000, 10
0.466, 10000, 10
0.438, 10000, 10
0.457, 10000, 10
0.741, 10000, 100
0.745, 10000, 100
0.752, 10000, 100
0.761, 10000, 100
0.732, 10000, 100
0.717, 10000, 100
0.712, 10000, 100
0.744, 10000, 100
0.74, 10000, 100
0.748, 10000, 100
0.764, 10000, 1000
0.75, 10000, 1000
0.747, 10000, 1000
0.738, 10000, 1000
0.748, 10000, 1000
0.749, 10000, 1000
0.733, 10000, 1000
0.736, 10000, 1000
0.746, 10000, 1000
0.747, 10000, 1000
0.729, 10000, 10000
0.732, 10000, 10000
0.748, 10000, 10000
0.712, 10000, 10000
0.719, 10000, 10000
0.72, 10000, 10000
0.744, 10000, 10000
0.741, 10000, 10000
0.731, 10000, 10000
0.755, 10000, 10000
0.738, 10000, 100000
0.725, 10000, 100000
0.733, 10000, 100000
0.761, 10000, 100000
0.728, 10000, 100000
0.732, 10000, 100000
0.746, 10000, 100000
0.732, 10000, 100000
0.733, 10000, 100000
0.732, 10000, 100000
0.757, 10000, 1000000
0.738, 10000, 1000000
0.746, 10000, 1000000
0.736, 10000, 1000000
0.732, 10000, 1000000
0.749, 10000, 1000000
0.726, 10000, 1000000
0.727, 10000, 1000000
0.731, 10000, 1000000
0.746, 10000, 1000000
0.761, 10000, 10000000
0.754, 10000, 10000000
0.743, 10000, 10000000
0.735, 10000, 10000000
0.741, 10000, 10000000
0.78, 10000, 10000000
0.724, 10000, 10000000
0.731, 10000, 10000000
0.749, 10000, 10000000
0.74, 10000, 10000000
0.47, 10000, 10
0.457, 10000, 10
0.446, 10000, 10
0.438, 10000, 10
0.447, 10000, 10
0.461, 10000, 10
0.458, 10000, 10
0.418, 10000, 10
0.423, 10000, 10
0.451, 10000, 10
0.736, 10000, 100
0.739, 10000, 100
0.73, 10000, 100
0.718, 10000, 100
0.729, 10000, 100
0.741, 10000, 100
0.733, 10000, 100
0.727, 10000, 100
0.743, 10000, 100
0.735, 10000, 100
0.747, 10000, 1000
0.751, 10000, 1000
0.756, 10000, 1000
0.742, 10000, 1000
0.734, 10000, 1000
0.736, 10000, 1000
0.738, 10000, 1000
0.732, 10000, 1000
0.712, 10000, 1000
0.762, 10000, 1000
0.713, 10000, 10000
0.761, 10000, 10000
0.736, 10000, 10000
0.732, 10000, 10000
0.706, 10000, 10000
0.738, 10000, 10000
0.731, 10000, 10000
0.73, 10000, 10000
0.74, 10000, 10000
0.756, 10000, 10000
0.742, 10000, 100000
0.742, 10000, 100000
0.741, 10000, 100000
0.725, 10000, 100000
0.742, 10000, 100000
0.724, 10000, 100000
0.715, 10000, 100000
0.76, 10000, 100000
0.739, 10000, 100000
0.737, 10000, 100000
0.745, 10000, 1000000
0.752, 10000, 1000000
0.724, 10000, 1000000
0.74, 10000, 1000000
0.755, 10000, 1000000
0.763, 10000, 1000000
0.753, 10000, 1000000
0.745, 10000, 1000000
0.749, 10000, 1000000
0.746, 10000, 1000000
0.751, 10000, 10000000
0.709, 10000, 10000000
0.724, 10000, 10000000
0.729, 10000, 10000000
0.74, 10000, 10000000
0.752, 10000, 10000000
0.756, 10000, 10000000
0.751, 10000, 10000000
0.755, 10000, 10000000
0.755, 10000, 10000000
0.45, 10000, 10
0.453, 10000, 10
0.456, 10000, 10
0.438, 10000, 10
0.452, 10000, 10
0.436, 10000, 10
0.452, 10000, 10
0.449, 10000, 10
0.445, 10000, 10
0.446, 10000, 10
0.757, 10000, 100
0.71, 10000, 100
0.733, 10000, 100
0.746, 10000, 100
0.781, 10000, 100
0.732, 10000, 100
0.754, 10000, 100
0.741, 10000, 100
0.759, 10000, 100
0.728, 10000, 100
0.752, 10000, 1000
0.74, 10000, 1000
0.745, 10000, 1000
0.74, 10000, 1000
0.746, 10000, 1000
0.732, 10000, 1000
0.735, 10000, 1000
0.752, 10000, 1000
0.736, 10000, 1000
0.751, 10000, 1000
0.729, 10000, 10000
0.749, 10000, 10000
0.725, 10000, 10000
0.71, 10000, 10000
0.734, 10000, 10000
0.758, 10000, 10000
0.711, 10000, 10000
0.746, 10000, 10000
0.719, 10000, 10000
0.731, 10000, 10000
0.73, 10000, 100000
0.735, 10000, 100000
0.725, 10000, 100000
0.749, 10000, 100000
0.731, 10000, 100000
0.758, 10000, 100000
0.739, 10000, 100000
0.745, 10000, 100000
0.729, 10000, 100000
0.734, 10000, 100000
0.756, 10000, 1000000
0.719, 10000, 1000000
0.745, 10000, 1000000
0.737, 10000, 1000000
0.734, 10000, 1000000
0.735, 10000, 1000000
0.703, 10000, 1000000
0.721, 10000, 1000000
0.756, 10000, 1000000
0.716, 10000, 1000000
0.738, 10000, 10000000
0.733, 10000, 10000000
0.746, 10000, 10000000
0.761, 10000, 10000000
0.743, 10000, 10000000
0.733, 10000, 10000000
0.746, 10000, 10000000
0.747, 10000, 10000000
0.735, 10000, 10000000
0.727, 10000, 10000000
0.456, 10000, 10
0.434, 10000, 10
0.452, 10000, 10
0.442, 10000, 10
0.439, 10000, 10
0.428, 10000, 10
0.449, 10000, 10
0.433, 10000, 10
0.461, 10000, 10
0.431, 10000, 10
0.725, 10000, 100
0.756, 10000, 100
0.722, 10000, 100
0.733, 10000, 100
0.749, 10000, 100
0.764, 10000, 100
0.751, 10000, 100
0.732, 10000, 100
0.745, 10000, 100
0.757, 10000, 100
0.74, 10000, 1000
0.755, 10000, 1000
0.757, 10000, 1000
0.75, 10000, 1000
0.745, 10000, 1000
0.741, 10000, 1000
0.749, 10000, 1000
0.762, 10000, 1000
0.715, 10000, 1000
0.753, 10000, 1000
0.749, 10000, 10000
0.718, 10000, 10000
0.757, 10000, 10000
0.724, 10000, 10000
0.75, 10000, 10000
0.749, 10000, 10000
0.759, 10000, 10000
0.757, 10000, 10000
0.746, 10000, 10000
0.753, 10000, 10000
0.721, 10000, 100000
0.727, 10000, 100000
0.743, 10000, 100000
0.745, 10000, 100000
0.744, 10000, 100000
0.749, 10000, 100000
0.717, 10000, 100000
0.731, 10000, 100000
0.752, 10000, 100000
0.751, 10000, 100000
0.74, 10000, 1000000
0.747, 10000, 1000000
0.758, 10000, 1000000
0.735, 10000, 1000000
0.761, 10000, 1000000
0.733, 10000, 1000000
0.738, 10000, 1000000
0.729, 10000, 1000000
0.744, 10000, 1000000
0.751, 10000, 1000000
0.724, 10000, 10000000
0.735, 10000, 10000000
0.762, 10000, 10000000
0.749, 10000, 10000000
0.725, 10000, 10000000
0.743, 10000, 10000000
0.735, 10000, 10000000
0.743, 10000, 10000000
0.742, 10000, 10000000
0.731, 10000, 10000000
0.428, 10000, 10
0.441, 10000, 10
0.459, 10000, 10
0.456, 10000, 10
0.442, 10000, 10
0.45, 10000, 10
0.475, 10000, 10
0.454, 10000, 10
0.441, 10000, 10
0.439, 10000, 10
0.755, 10000, 100
0.727, 10000, 100
0.731, 10000, 100
0.738, 10000, 100
0.75, 10000, 100
0.722, 10000, 100
0.759, 10000, 100
0.74, 10000, 100
0.75, 10000, 100
0.739, 10000, 100
0.737, 10000, 1000
0.749, 10000, 1000
0.751, 10000, 1000
0.726, 10000, 1000
0.729, 10000, 1000
0.727, 10000, 1000
0.755, 10000, 1000
0.75, 10000, 1000
0.753, 10000, 1000
0.713, 10000, 1000
0.713, 10000, 10000
0.723, 10000, 10000
0.731, 10000, 10000
0.754, 10000, 10000
0.76, 10000, 10000
0.743, 10000, 10000
0.728, 10000, 10000
0.763, 10000, 10000
0.736, 10000, 10000
0.771, 10000, 10000
0.72, 10000, 100000
0.704, 10000, 100000
0.759, 10000, 100000
0.74, 10000, 100000
0.742, 10000, 100000
0.72, 10000, 100000
0.733, 10000, 100000
0.762, 10000, 100000
0.746, 10000, 100000
0.759, 10000, 100000
0.74, 10000, 1000000
0.746, 10000, 1000000
0.724, 10000, 1000000
0.739, 10000, 1000000
0.747, 10000, 1000000
0.74, 10000, 1000000
0.73, 10000, 1000000
0.772, 10000, 1000000
0.747, 10000, 1000000
0.746, 10000, 1000000
0.727, 10000, 10000000
0.743, 10000, 10000000
0.731, 10000, 10000000
0.74, 10000, 10000000
0.743, 10000, 10000000
0.776, 10000, 10000000
0.729, 10000, 10000000
0.729, 10000, 10000000
0.742, 10000, 10000000
0.752, 10000, 10000000
0.454, 10000, 10
0.425, 10000, 10
0.434, 10000, 10
0.419, 10000, 10
0.426, 10000, 10
0.466, 10000, 10
0.455, 10000, 10
0.468, 10000, 10
0.427, 10000, 10
0.446, 10000, 10
0.741, 10000, 100
0.747, 10000, 100
0.752, 10000, 100
0.752, 10000, 100
0.743, 10000, 100
0.723, 10000, 100
0.731, 10000, 100
0.761, 10000, 100
0.725, 10000, 100
0.765, 10000, 100
0.738, 10000, 1000
0.737, 10000, 1000
0.747, 10000, 1000
0.744, 10000, 1000
0.765, 10000, 1000
0.757, 10000, 1000
0.75, 10000, 1000
0.738, 10000, 1000
0.758, 10000, 1000
0.732, 10000, 1000
0.739, 10000, 10000
0.757, 10000, 10000
0.74, 10000, 10000
0.693, 10000, 10000
0.739, 10000, 10000
0.715, 10000, 10000
0.742, 10000, 10000
0.736, 10000, 10000
0.746, 10000, 10000
0.731, 10000, 10000
0.724, 10000, 100000
0.752, 10000, 100000
0.723, 10000, 100000
0.762, 10000, 100000
0.716, 10000, 100000
0.747, 10000, 100000
0.781, 10000, 100000
0.735, 10000, 100000
0.732, 10000, 100000
0.75, 10000, 100000
0.746, 10000, 1000000
0.74, 10000, 1000000
0.744, 10000, 1000000
0.749, 10000, 1000000
0.746, 10000, 1000000
0.722, 10000, 1000000
0.714, 10000, 1000000
0.737, 10000, 1000000
0.726, 10000, 1000000
0.741, 10000, 1000000
0.763, 10000, 10000000
0.73, 10000, 10000000
0.741, 10000, 10000000
0.738, 10000, 10000000
0.737, 10000, 10000000
0.733, 10000, 10000000
0.74, 10000, 10000000
0.772, 10000, 10000000
0.734, 10000, 10000000
0.75, 10000, 10000000
0.447, 10000, 10
0.474, 10000, 10
0.465, 10000, 10
0.448, 10000, 10
0.435, 10000, 10
0.444, 10000, 10
0.443, 10000, 10
0.435, 10000, 10
0.438, 10000, 10
0.442, 10000, 10
0.736, 10000, 100
0.749, 10000, 100
0.749, 10000, 100
0.729, 10000, 100
0.748, 10000, 100
0.767, 10000, 100
0.729, 10000, 100
0.739, 10000, 100
0.76, 10000, 100
0.716, 10000, 100
0.748, 10000, 1000
0.74, 10000, 1000
0.746, 10000, 1000
0.748, 10000, 1000
0.718, 10000, 1000
0.764, 10000, 1000
0.735, 10000, 1000
0.759, 10000, 1000
0.749, 10000, 1000
0.726, 10000, 1000
0.75, 10000, 10000
0.743, 10000, 10000
0.739, 10000, 10000
0.739, 10000, 10000
0.726, 10000, 10000
0.762, 10000, 10000
0.751, 10000, 10000
0.761, 10000, 10000
0.747, 10000, 10000
0.738, 10000, 10000
0.729, 10000, 100000
0.745, 10000, 100000
0.731, 10000, 100000
0.755, 10000, 100000
0.729, 10000, 100000
0.747, 10000, 100000
0.733, 10000, 100000
0.735, 10000, 100000
0.745, 10000, 100000
0.736, 10000, 100000
0.748, 10000, 1000000
0.753, 10000, 1000000
0.71, 10000, 1000000
0.738, 10000, 1000000
0.742, 10000, 1000000
0.742, 10000, 1000000
0.736, 10000, 1000000
0.745, 10000, 1000000
0.713, 10000, 1000000
0.728, 10000, 1000000
0.711, 10000, 10000000
0.746, 10000, 10000000
0.772, 10000, 10000000
0.748, 10000, 10000000
0.755, 10000, 10000000
0.742, 10000, 10000000
0.761, 10000, 10000000
0.723, 10000, 10000000
0.745, 10000, 10000000
0.735, 10000, 10000000
0.462, 10000, 10
0.454, 10000, 10
0.419, 10000, 10
0.432, 10000, 10
0.472, 10000, 10
0.464, 10000, 10
0.449, 10000, 10
0.447, 10000, 10
0.466, 10000, 10
0.45, 10000, 10
0.732, 10000, 100
0.736, 10000, 100
0.743, 10000, 100
0.726, 10000, 100
0.736, 10000, 100
0.713, 10000, 100
0.721, 10000, 100
0.724, 10000, 100
0.741, 10000, 100
0.729, 10000, 100
0.732, 10000, 1000
0.726, 10000, 1000
0.753, 10000, 1000
0.745, 10000, 1000
0.736, 10000, 1000
0.743, 10000, 1000
0.745, 10000, 1000
0.735, 10000, 1000
0.743, 10000, 1000
0.729, 10000, 1000
0.768, 10000, 10000
0.744, 10000, 10000
0.738, 10000, 10000
0.727, 10000, 10000
0.743, 10000, 10000
0.753, 10000, 10000
0.737, 10000, 10000
0.74, 10000, 10000
0.732, 10000, 10000
0.735, 10000, 10000
0.736, 10000, 100000
0.725, 10000, 100000
0.727, 10000, 100000
0.742, 10000, 100000
0.745, 10000, 100000
0.749, 10000, 100000
0.756, 10000, 100000
0.782, 10000, 100000
0.736, 10000, 100000
0.73, 10000, 100000
0.735, 10000, 1000000
0.726, 10000, 1000000
0.747, 10000, 1000000
0.738, 10000, 1000000
0.734, 10000, 1000000
0.724, 10000, 1000000
0.735, 10000, 1000000
0.733, 10000, 1000000
0.74, 10000, 1000000
0.748, 10000, 1000000
0.736, 10000, 10000000
0.747, 10000, 10000000
0.756, 10000, 10000000
0.753, 10000, 10000000
0.747, 10000, 10000000
0.74, 10000, 10000000
0.714, 10000, 10000000
0.744, 10000, 10000000
0.734, 10000, 10000000
0.741, 10000, 10000000
0.444, 100000, 10
0.454, 100000, 10
0.434, 100000, 10
0.445, 100000, 10
0.45, 100000, 10
0.438, 100000, 10
0.442, 100000, 10
0.442, 100000, 10
0.437, 100000, 10
0.439, 100000, 10
0.692, 100000, 100
0.706, 100000, 100
0.737, 100000, 100
0.734, 100000, 100
0.749, 100000, 100
0.748, 100000, 100
0.739, 100000, 100
0.757, 100000, 100
0.753, 100000, 100
0.735, 100000, 100
0.73, 100000, 1000
0.74, 100000, 1000
0.761, 100000, 1000
0.73, 100000, 1000
0.72, 100000, 1000
0.725, 100000, 1000
0.756, 100000, 1000
0.749, 100000, 1000
0.761, 100000, 1000
0.732, 100000, 1000
0.727, 100000, 10000
0.728, 100000, 10000
0.722, 100000, 10000
0.745, 100000, 10000
0.753, 100000, 10000
0.725, 100000, 10000
0.763, 100000, 10000
0.722, 100000, 10000
0.773, 100000, 10000
0.753, 100000, 10000
0.747, 100000, 100000
0.75, 100000, 100000
0.745, 100000, 100000
0.738, 100000, 100000
0.721, 100000, 100000
0.743, 100000, 100000
0.74, 100000, 100000
0.742, 100000, 100000
0.73, 100000, 100000
0.741, 100000, 100000
0.746, 100000, 1000000
0.704, 100000, 1000000
0.741, 100000, 1000000
0.755, 100000, 1000000
0.72, 100000, 1000000
0.723, 100000, 1000000
0.742, 100000, 1000000
0.775, 100000, 1000000
0.736, 100000, 1000000
0.738, 100000, 1000000
0.743, 100000, 10000000
0.742, 100000, 10000000
0.755, 100000, 10000000
0.721, 100000, 10000000
0.745, 100000, 10000000
0.735, 100000, 10000000
0.745, 100000, 10000000
0.748, 100000, 10000000
0.744, 100000, 10000000
0.746, 100000, 10000000
0.449, 100000, 10
0.428, 100000, 10
0.432, 100000, 10
0.455, 100000, 10
0.461, 100000, 10
0.44, 100000, 10
0.471, 100000, 10
0.46, 100000, 10
0.447, 100000, 10
0.458, 100000, 10
0.755, 100000, 100
0.735, 100000, 100
0.72, 100000, 100
0.731, 100000, 100
0.729, 100000, 100
0.746, 100000, 100
0.743, 100000, 100
0.752, 100000, 100
0.739, 100000, 100
0.733, 100000, 100
0.712, 100000, 1000
0.739, 100000, 1000
0.726, 100000, 1000
0.734, 100000, 1000
0.712, 100000, 1000
0.736, 100000, 1000
0.733, 100000, 1000
0.74, 100000, 1000
0.747, 100000, 1000
0.735, 100000, 1000
0.733, 100000, 10000
0.743, 100000, 10000
0.728, 100000, 10000
0.739, 100000, 10000
0.749, 100000, 10000
0.747, 100000, 10000
0.749, 100000, 10000
0.759, 100000, 10000
0.723, 100000, 10000
0.718, 100000, 10000
0.707, 100000, 100000
0.76, 100000, 100000
0.717, 100000, 100000
0.748, 100000, 100000
0.753, 100000, 100000
0.753, 100000, 100000
0.749, 100000, 100000
0.756, 100000, 100000
0.738, 100000, 100000
0.733, 100000, 100000
0.756, 100000, 1000000
0.724, 100000, 1000000
0.746, 100000, 1000000
0.757, 100000, 1000000
0.76, 100000, 1000000
0.747, 100000, 1000000
0.739, 100000, 1000000
0.76, 100000, 1000000
0.753, 100000, 1000000
0.751, 100000, 1000000
0.743, 100000, 10000000
0.728, 100000, 10000000
0.736, 100000, 10000000
0.774, 100000, 10000000
0.718, 100000, 10000000
0.759, 100000, 10000000
0.756, 100000, 10000000
0.757, 100000, 10000000
0.749, 100000, 10000000
0.742, 100000, 10000000
0.453, 100000, 10
0.473, 100000, 10
0.456, 100000, 10
0.44, 100000, 10
0.444, 100000, 10
0.43, 100000, 10
0.417, 100000, 10
0.436, 100000, 10
0.473, 100000, 10
0.393, 100000, 10
0.724, 100000, 100
0.765, 100000, 100
0.726, 100000, 100
0.742, 100000, 100
0.737, 100000, 100
0.726, 100000, 100
0.747, 100000, 100
0.745, 100000, 100
0.734, 100000, 100
0.734, 100000, 100
0.753, 100000, 1000
0.732, 100000, 1000
0.757, 100000, 1000
0.756, 100000, 1000
0.758, 100000, 1000
0.738, 100000, 1000
0.727, 100000, 1000
0.736, 100000, 1000
0.755, 100000, 1000
0.736, 100000, 1000
0.751, 100000, 10000
0.754, 100000, 10000
0.741, 100000, 10000
0.767, 100000, 10000
0.738, 100000, 10000
0.742, 100000, 10000
0.751, 100000, 10000
0.741, 100000, 10000
0.756, 100000, 10000
0.736, 100000, 10000
0.721, 100000, 100000
0.75, 100000, 100000
0.757, 100000, 100000
0.719, 100000, 100000
0.739, 100000, 100000
0.743, 100000, 100000
0.744, 100000, 100000
0.747, 100000, 100000
0.733, 100000, 100000
0.728, 100000, 100000
0.71, 100000, 1000000
0.724, 100000, 1000000
0.729, 100000, 1000000
0.735, 100000, 1000000
0.712, 100000, 1000000
0.766, 100000, 1000000
0.748, 100000, 1000000
0.748, 100000, 1000000
0.747, 100000, 1000000
0.74, 100000, 1000000
0.744, 100000, 10000000
0.733, 100000, 10000000
0.733, 100000, 10000000
0.753, 100000, 10000000
0.764, 100000, 10000000
0.731, 100000, 10000000
0.716, 100000, 10000000
0.718, 100000, 10000000
0.739, 100000, 10000000
0.746, 100000, 10000000
0.469, 100000, 10
0.457, 100000, 10
0.437, 100000, 10
0.468, 100000, 10
0.446, 100000, 10
0.456, 100000, 10
0.456, 100000, 10
0.462, 100000, 10
0.441, 100000, 10
0.433, 100000, 10
0.753, 100000, 100
0.739, 100000, 100
0.711, 100000, 100
0.742, 100000, 100
0.721, 100000, 100
0.719, 100000, 100
0.742, 100000, 100
0.759, 100000, 100
0.73, 100000, 100
0.732, 100000, 100
0.745, 100000, 1000
0.715, 100000, 1000
0.714, 100000, 1000
0.721, 100000, 1000
0.742, 100000, 1000
0.755, 100000, 1000
0.75, 100000, 1000
0.738, 100000, 1000
0.733, 100000, 1000
0.724, 100000, 1000
0.739, 100000, 10000
0.739, 100000, 10000
0.746, 100000, 10000
0.745, 100000, 10000
0.764, 100000, 10000
0.752, 100000, 10000
0.739, 100000, 10000
0.757, 100000, 10000
0.745, 100000, 10000
0.732, 100000, 10000
0.733, 100000, 100000
0.719, 100000, 100000
0.737, 100000, 100000
0.756, 100000, 100000
0.742, 100000, 100000
0.715, 100000, 100000
0.752, 100000, 100000
0.718, 100000, 100000
0.741, 100000, 100000
0.746, 100000, 100000
0.739, 100000, 1000000
0.722, 100000, 1000000
0.717, 100000, 1000000
0.778, 100000, 1000000
0.739, 100000, 1000000
0.742, 100000, 1000000
0.753, 100000, 1000000
0.739, 100000, 1000000
0.746, 100000, 1000000
0.745, 100000, 1000000
0.76, 100000, 10000000
0.724, 100000, 10000000
0.724, 100000, 10000000
0.752, 100000, 10000000
0.737, 100000, 10000000
0.712, 100000, 10000000
0.755, 100000, 10000000
0.726, 100000, 10000000
0.752, 100000, 10000000
0.716, 100000, 10000000
0.471, 100000, 10
0.435, 100000, 10
0.446, 100000, 10
0.464, 100000, 10
0.427, 100000, 10
0.436, 100000, 10
0.438, 100000, 10
0.435, 100000, 10
0.415, 100000, 10
0.427, 100000, 10
0.745, 100000, 100
0.753, 100000, 100
0.745, 100000, 100
0.765, 100000, 100
0.743, 100000, 100
0.773, 100000, 100
0.75, 100000, 100
0.71, 100000, 100
0.749, 100000, 100
0.723, 100000, 100
0.749, 100000, 1000
0.729, 100000, 1000
0.748, 100000, 1000
0.734, 100000, 1000
0.727, 100000, 1000
0.733, 100000, 1000
0.742, 100000, 1000
0.755, 100000, 1000
0.722, 100000, 1000
0.74, 100000, 1000
0.746, 100000, 10000
0.745, 100000, 10000
0.73, 100000, 10000
0.757, 100000, 10000
0.727, 100000, 10000
0.73, 100000, 10000
0.762, 100000, 10000
0.769, 100000, 10000
0.758, 100000, 10000
0.711, 100000, 10000
0.732, 100000, 100000
0.72, 100000, 100000
0.751, 100000, 100000
0.711, 100000, 100000
0.738, 100000, 100000
0.754, 100000, 100000
0.765, 100000, 100000
0.76, 100000, 100000
0.716, 100000, 100000
0.744, 100000, 100000
0.745, 100000, 1000000
0.73, 100000, 1000000
0.735, 100000, 1000000
0.735, 100000, 1000000
0.769, 100000, 1000000
0.766, 100000, 1000000
0.746, 100000, 1000000
0.731, 100000, 1000000
0.762, 100000, 1000000
0.746, 100000, 1000000
0.734, 100000, 10000000
0.748, 100000, 10000000
0.761, 100000, 10000000
0.737, 100000, 10000000
0.737, 100000, 10000000
0.719, 100000, 10000000
0.738, 100000, 10000000
0.709, 100000, 10000000
0.733, 100000, 10000000
0.747, 100000, 10000000
0.46, 100000, 10
0.484, 100000, 10
0.476, 100000, 10
0.458, 100000, 10
0.46, 100000, 10
0.472, 100000, 10
0.449, 100000, 10
0.425, 100000, 10
0.454, 100000, 10
0.46, 100000, 10
0.747, 100000, 100
0.752, 100000, 100
0.725, 100000, 100
0.724, 100000, 100
0.756, 100000, 100
0.722, 100000, 100
0.753, 100000, 100
0.735, 100000, 100
0.747, 100000, 100
0.763, 100000, 100
0.752, 100000, 1000
0.74, 100000, 1000
0.76, 100000, 1000
0.726, 100000, 1000
0.725, 100000, 1000
0.747, 100000, 1000
0.708, 100000, 1000
0.757, 100000, 1000
0.739, 100000, 1000
0.739, 100000, 1000
0.713, 100000, 10000
0.759, 100000, 10000
0.741, 100000, 10000
0.742, 100000, 10000
0.732, 100000, 10000
0.733, 100000, 10000
0.744, 100000, 10000
0.766, 100000, 10000
0.75, 100000, 10000
0.718, 100000, 10000
0.73, 100000, 100000
0.762, 100000, 100000
0.739, 100000, 100000
0.736, 100000, 100000
0.735, 100000, 100000
0.76, 100000, 100000
0.733, 100000, 100000
0.745, 100000, 100000
0.716, 100000, 100000
0.754, 100000, 100000
0.729, 100000, 1000000
0.76, 100000, 1000000
0.733, 100000, 1000000
0.723, 100000, 1000000
0.704, 100000, 1000000
0.762, 100000, 1000000
0.74, 100000, 1000000
0.75, 100000, 1000000
0.744, 100000, 1000000
0.743, 100000, 1000000
0.737, 100000, 10000000
0.743, 100000, 10000000
0.743, 100000, 10000000
0.728, 100000, 10000000
0.749, 100000, 10000000
0.731, 100000, 10000000
0.741, 100000, 10000000
0.753, 100000, 10000000
0.718, 100000, 10000000
0.73, 100000, 10000000
0.439, 100000, 10
0.441, 100000, 10
0.458, 100000, 10
0.446, 100000, 10
0.438, 100000, 10
0.417, 100000, 10
0.443, 100000, 10
0.439, 100000, 10
0.473, 100000, 10
0.428, 100000, 10
0.768, 100000, 100
0.732, 100000, 100
0.733, 100000, 100
0.729, 100000, 100
0.744, 100000, 100
0.734, 100000, 100
0.748, 100000, 100
0.75, 100000, 100
0.749, 100000, 100
0.762, 100000, 100
0.744, 100000, 1000
0.719, 100000, 1000
0.713, 100000, 1000
0.744, 100000, 1000
0.724, 100000, 1000
0.756, 100000, 1000
0.769, 100000, 1000
0.742, 100000, 1000
0.746, 100000, 1000
0.717, 100000, 1000
0.739, 100000, 10000
0.738, 100000, 10000
0.751, 100000, 10000
0.726, 100000, 10000
0.736, 100000, 10000
0.705, 100000, 10000
0.734, 100000, 10000
0.742, 100000, 10000
0.753, 100000, 10000
0.74, 100000, 10000
0.727, 100000, 100000
0.751, 100000, 100000
0.754, 100000, 100000
0.764, 100000, 100000
0.746, 100000, 100000
0.731, 100000, 100000
0.733, 100000, 100000
0.748, 100000, 100000
0.74, 100000, 100000
0.752, 100000, 100000
0.742, 100000, 1000000
0.741, 100000, 1000000
0.72, 100000, 1000000
0.737, 100000, 1000000
0.72, 100000, 1000000
0.745, 100000, 1000000
0.737, 100000, 1000000
0.742, 100000, 1000000
0.705, 100000, 1000000
0.762, 100000, 1000000
0.762, 100000, 10000000
0.747, 100000, 10000000
0.726, 100000, 10000000
0.707, 100000, 10000000
0.769, 100000, 10000000
0.728, 100000, 10000000
0.753, 100000, 10000000
0.738, 100000, 10000000
0.757, 100000, 10000000
0.737, 100000, 10000000
0.434, 100000, 10
0.431, 100000, 10
0.42, 100000, 10
0.458, 100000, 10
0.45, 100000, 10
0.427, 100000, 10
0.426, 100000, 10
0.446, 100000, 10
0.451, 100000, 10
0.438, 100000, 10
0.756, 100000, 100
0.732, 100000, 100
0.746, 100000, 100
0.748, 100000, 100
0.727, 100000, 100
0.749, 100000, 100
0.736, 100000, 100
0.751, 100000, 100
0.734, 100000, 100
0.726, 100000, 100
0.74, 100000, 1000
0.715, 100000, 1000
0.747, 100000, 1000
0.776, 100000, 1000
0.735, 100000, 1000
0.739, 100000, 1000
0.707, 100000, 1000
0.737, 100000, 1000
0.74, 100000, 1000
0.769, 100000, 1000
0.756, 100000, 10000
0.748, 100000, 10000
0.729, 100000, 10000
0.732, 100000, 10000
0.745, 100000, 10000
0.746, 100000, 10000
0.735, 100000, 10000
0.718, 100000, 10000
0.753, 100000, 10000
0.74, 100000, 10000
0.727, 100000, 100000
0.743, 100000, 100000
0.736, 100000, 100000
0.742, 100000, 100000
0.746, 100000, 100000
0.757, 100000, 100000
0.767, 100000, 100000
0.726, 100000, 100000
0.739, 100000, 100000
0.738, 100000, 100000
0.733, 100000, 1000000
0.731, 100000, 1000000
0.734, 100000, 1000000
0.732, 100000, 1000000
0.744, 100000, 1000000
0.751, 100000, 1000000
0.764, 100000, 1000000
0.732, 100000, 1000000
0.751, 100000, 1000000
0.731, 100000, 1000000
0.735, 100000, 10000000
0.741, 100000, 10000000
0.735, 100000, 10000000
0.752, 100000, 10000000
0.752, 100000, 10000000
0.737, 100000, 10000000
0.747, 100000, 10000000
0.732, 100000, 10000000
0.733, 100000, 10000000
0.719, 100000, 10000000
0.458, 100000, 10
0.441, 100000, 10
0.479, 100000, 10
0.459, 100000, 10
0.448, 100000, 10
0.435, 100000, 10
0.45, 100000, 10
0.415, 100000, 10
0.459, 100000, 10
0.451, 100000, 10
0.728, 100000, 100
0.735, 100000, 100
0.735, 100000, 100
0.741, 100000, 100
0.721, 100000, 100
0.737, 100000, 100
0.755, 100000, 100
0.752, 100000, 100
0.745, 100000, 100
0.771, 100000, 100
0.759, 100000, 1000
0.739, 100000, 1000
0.741, 100000, 1000
0.744, 100000, 1000
0.735, 100000, 1000
0.751, 100000, 1000
0.746, 100000, 1000
0.734, 100000, 1000
0.742, 100000, 1000
0.755, 100000, 1000
0.75, 100000, 10000
0.728, 100000, 10000
0.742, 100000, 10000
0.762, 100000, 10000
0.746, 100000, 10000
0.733, 100000, 10000
0.762, 100000, 10000
0.759, 100000, 10000
0.722, 100000, 10000
0.761, 100000, 10000
0.735, 100000, 100000
0.723, 100000, 100000
0.727, 100000, 100000
0.737, 100000, 100000
0.742, 100000, 100000
0.736, 100000, 100000
0.75, 100000, 100000
0.743, 100000, 100000
0.748, 100000, 100000
0.738, 100000, 100000
0.72, 100000, 1000000
0.75, 100000, 1000000
0.756, 100000, 1000000
0.715, 100000, 1000000
0.723, 100000, 1000000
0.738, 100000, 1000000
0.759, 100000, 1000000
0.756, 100000, 1000000
0.719, 100000, 1000000
0.751, 100000, 1000000
0.752, 100000, 10000000
0.729, 100000, 10000000
0.724, 100000, 10000000
0.736, 100000, 10000000
0.743, 100000, 10000000
0.731, 100000, 10000000
0.747, 100000, 10000000
0.752, 100000, 10000000
0.723, 100000, 10000000
0.75, 100000, 10000000
0.467, 100000, 10
0.458, 100000, 10
0.442, 100000, 10
0.448, 100000, 10
0.466, 100000, 10
0.451, 100000, 10
0.469, 100000, 10
0.491, 100000, 10
0.444, 100000, 10
0.459, 100000, 10
0.72, 100000, 100
0.749, 100000, 100
0.767, 100000, 100
0.724, 100000, 100
0.725, 100000, 100
0.731, 100000, 100
0.732, 100000, 100
0.734, 100000, 100
0.753, 100000, 100
0.739, 100000, 100
0.744, 100000, 1000
0.748, 100000, 1000
0.736, 100000, 1000
0.735, 100000, 1000
0.738, 100000, 1000
0.744, 100000, 1000
0.743, 100000, 1000
0.729, 100000, 1000
0.753, 100000, 1000
0.759, 100000, 1000
0.725, 100000, 10000
0.722, 100000, 10000
0.725, 100000, 10000
0.736, 100000, 10000
0.712, 100000, 10000
0.772, 100000, 10000
0.758, 100000, 10000
0.741, 100000, 10000
0.718, 100000, 10000
0.74, 100000, 10000
0.732, 100000, 100000
0.747, 100000, 100000
0.753, 100000, 100000
0.754, 100000, 100000
0.699, 100000, 100000
0.739, 100000, 100000
0.734, 100000, 100000
0.724, 100000, 100000
0.751, 100000, 100000
0.758, 100000, 100000
0.744, 100000, 1000000
0.743, 100000, 1000000
0.736, 100000, 1000000
0.741, 100000, 1000000
0.725, 100000, 1000000
0.745, 100000, 1000000
0.772, 100000, 1000000
0.757, 100000, 1000000
0.74, 100000, 1000000
0.743, 100000, 1000000
0.749, 100000, 10000000
0.75, 100000, 10000000
0.728, 100000, 10000000
0.741, 100000, 10000000
0.726, 100000, 10000000
0.745, 100000, 10000000
0.76, 100000, 10000000
0.753, 100000, 10000000
0.769, 100000, 10000000
0.733, 100000, 10000000
0.421, 1000000, 10
0.463, 1000000, 10
0.468, 1000000, 10
0.421, 1000000, 10
0.417, 1000000, 10
0.447, 1000000, 10
0.473, 1000000, 10
0.452, 1000000, 10
0.427, 1000000, 10
0.433, 1000000, 10
0.755, 1000000, 100
0.755, 1000000, 100
0.709, 1000000, 100
0.742, 1000000, 100
0.729, 1000000, 100
0.728, 1000000, 100
0.756, 1000000, 100
0.754, 1000000, 100
0.732, 1000000, 100
0.745, 1000000, 100
0.745, 1000000, 1000
0.744, 1000000, 1000
0.759, 1000000, 1000
0.764, 1000000, 1000
0.756, 1000000, 1000
0.764, 1000000, 1000
0.735, 1000000, 1000
0.732, 1000000, 1000
0.738, 1000000, 1000
0.733, 1000000, 1000
0.718, 1000000, 10000
0.733, 1000000, 10000
0.728, 1000000, 10000
0.746, 1000000, 10000
0.732, 1000000, 10000
0.739, 1000000, 10000
0.744, 1000000, 10000
0.721, 1000000, 10000
0.73, 1000000, 10000
0.72, 1000000, 10000
0.754, 1000000, 100000
0.744, 1000000, 100000
0.71, 1000000, 100000
0.759, 1000000, 100000
0.732, 1000000, 100000
0.729, 1000000, 100000
0.744, 1000000, 100000
0.729, 1000000, 100000
0.71, 1000000, 100000
0.762, 1000000, 100000
0.741, 1000000, 1000000
0.732, 1000000, 1000000
0.731, 1000000, 1000000
0.756, 1000000, 1000000
0.746, 1000000, 1000000
0.736, 1000000, 1000000
0.729, 1000000, 1000000
0.753, 1000000, 1000000
0.741, 1000000, 1000000
0.746, 1000000, 1000000
0.738, 1000000, 10000000
0.736, 1000000, 10000000
0.725, 1000000, 10000000
0.748, 1000000, 10000000
0.729, 1000000, 10000000
0.716, 1000000, 10000000
0.748, 1000000, 10000000
0.749, 1000000, 10000000
0.742, 1000000, 10000000
0.728, 1000000, 10000000
0.436, 1000000, 10
0.448, 1000000, 10
0.442, 1000000, 10
0.473, 1000000, 10
0.454, 1000000, 10
0.423, 1000000, 10
0.456, 1000000, 10
0.455, 1000000, 10
0.453, 1000000, 10
0.444, 1000000, 10
0.737, 1000000, 100
0.739, 1000000, 100
0.728, 1000000, 100
0.758, 1000000, 100
0.734, 1000000, 100
0.738, 1000000, 100
0.757, 1000000, 100
0.728, 1000000, 100
0.762, 1000000, 100
0.738, 1000000, 100
0.729, 1000000, 1000
0.741, 1000000, 1000
0.719, 1000000, 1000
0.748, 1000000, 1000
0.767, 1000000, 1000
0.764, 1000000, 1000
0.745, 1000000, 1000
0.749, 1000000, 1000
0.773, 1000000, 1000
0.761, 1000000, 1000
0.74, 1000000, 10000
0.717, 1000000, 10000
0.754, 1000000, 10000
0.745, 1000000, 10000
0.724, 1000000, 10000
0.743, 1000000, 10000
0.746, 1000000, 10000
0.714, 1000000, 10000
0.732, 1000000, 10000
0.728, 1000000, 10000
0.734, 1000000, 100000
0.737, 1000000, 100000
0.727, 1000000, 100000
0.754, 1000000, 100000
0.753, 1000000, 100000
0.734, 1000000, 100000
0.73, 1000000, 100000
0.744, 1000000, 100000
0.755, 1000000, 100000
0.713, 1000000, 100000
0.73, 1000000, 1000000
0.728, 1000000, 1000000
0.733, 1000000, 1000000
0.726, 1000000, 1000000
0.753, 1000000, 1000000
0.759, 1000000, 1000000
0.794, 1000000, 1000000
0.707, 1000000, 1000000
0.727, 1000000, 1000000
0.738, 1000000, 1000000
0.738, 1000000, 10000000
0.772, 1000000, 10000000
0.745, 1000000, 10000000
0.756, 1000000, 10000000
0.73, 1000000, 10000000
0.724, 1000000, 10000000
0.747, 1000000, 10000000
0.723, 1000000, 10000000
0.742, 1000000, 10000000
0.759, 1000000, 10000000
0.459, 1000000, 10
0.449, 1000000, 10
0.469, 1000000, 10
0.466, 1000000, 10
0.451, 1000000, 10
0.482, 1000000, 10
0.454, 1000000, 10
0.482, 1000000, 10
0.449, 1000000, 10
0.446, 1000000, 10
0.718, 1000000, 100
0.734, 1000000, 100
0.742, 1000000, 100
0.732, 1000000, 100
0.753, 1000000, 100
0.765, 1000000, 100
0.74, 1000000, 100
0.75, 1000000, 100
0.751, 1000000, 100
0.741, 1000000, 100
0.766, 1000000, 1000
0.725, 1000000, 1000
0.748, 1000000, 1000
0.765, 1000000, 1000
0.732, 1000000, 1000
0.744, 1000000, 1000
0.713, 1000000, 1000
0.74, 1000000, 1000
0.724, 1000000, 1000
0.739, 1000000, 1000
0.749, 1000000, 10000
0.74, 1000000, 10000
0.751, 1000000, 10000
0.737, 1000000, 10000
0.723, 1000000, 10000
0.742, 1000000, 10000
0.732, 1000000, 10000
0.757, 1000000, 10000
0.749, 1000000, 10000
0.749, 1000000, 10000
0.723, 1000000, 100000
0.736, 1000000, 100000
0.712, 1000000, 100000
0.754, 1000000, 100000
0.749, 1000000, 100000
0.717, 1000000, 100000
0.729, 1000000, 100000
0.741, 1000000, 100000
0.736, 1000000, 100000
0.714, 1000000, 100000
0.744, 1000000, 1000000
0.749, 1000000, 1000000
0.737, 1000000, 1000000
0.763, 1000000, 1000000
0.728, 1000000, 1000000
0.749, 1000000, 1000000
0.73, 1000000, 1000000
0.744, 1000000, 1000000
0.719, 1000000, 1000000
0.73, 1000000, 1000000
0.734, 1000000, 10000000
0.756, 1000000, 10000000
0.76, 1000000, 10000000
0.735, 1000000, 10000000
0.761, 1000000, 10000000
0.754, 1000000, 10000000
0.746, 1000000, 10000000
0.748, 1000000, 10000000

